Name	Number	Ctf
3.0 Cu. Carton	32054	3
4.5 Cu. Carton	26139	4
1.5 Cu. Carton	19569	1
Corr Mirror Carton	18128	3
Dishpack	15441	9
Wardrobe Carton	11063	9
Book Carton	9259	6
Chair	8272	4
Bookcase - Sections	6270	7
Table	5478	5
Tote - Plastic Packed	4241	4
Bed - Queen	4227	62
Sofa - 3 Cushion	4150	49
Vacuum Cleaner	3784	4
TV-Flat Panel 30 - 59	3722	15
6.0 Cu. Carton	3647	5
Lamp - Floor	3582	4
Table - Night	3321	5
Chest	3197	14
Chair - Arm	3165	9
Dresser - Double	2864	39
Table - End	2798	8
Queen Mattress	2762	0
Dresser - Single	2713	21
Chair - Occasional	2710	14
Rug - 4 x 6	2672	4
Table - End Coffee	2623	5
Refrigerator - 11 cu ft or more	2599	59
Bicycle	2433	8
Suitcase	2423	4
Sofa - Loveseat	2406	34
Dryer	2397	27
Washing Machine	2362	25
Ottoman - Small	2143	4
Bookcase - Bookcase	1963	20
Stool	1940	2
TV - Flat	1879	15
Fan	1848	2
Bed - King	1796	68
TV - Stand	1784	9
Rug - 9 x 12	1773	14
Table - Kitchen	1767	18
Table - Dining	1704	30
Ironing Board	1659	1
Desk - Office	1647	28
Table - Coffee	1647	16
Folding Chairs	1610	1
Nothing Else Going	1608	0
Table - Small	1573	4
Cabinet - Curio Utility	1479	10
BBQ Grill - Large	1462	10
Filing Cabinet - 2-door	1454	10
Queen Mattress/Bag	1404	0
Desk - SM Winthrop	1390	19
Chair - Overstuffed	1370	24
Microwave Oven	1344	4
Bed - Twin	1342	38
Tote-Small	1339	2
Lamp	1337	2
Chair - Dining / Kitchen / Straight	1332	4
Glass Crate	1292	6
Twin Mattress Carton	1277	0
Golf Bag	1260	4
Toolchest - Small	1259	4
Ladder - 6' Step	1247	2
Night Table	1244	9
Dresser - Triple	1220	49
Table - Table	1213	10
Garden Hose & Tools	1202	9
Chair - Childs	1140	2
King Mattress	1133	0
Bed - Double	1104	47
Shelves - Metal	1051	5
Mirror	1042	8
Tote - Large	1010	9
Ladder - Stepstool	979	1
Chair - Rocker	967	11
Table - Large	958	15
Ladder - 8' Step	947	5
Dining - Chair	936	5
Bench - Harvest	928	9
Buffet - Base	878	29
Trunk Footlocker	874	9
Cooler	868	2
Sofa - Sec. Per Section	863	20
Long Twin Mattress	858	0
Ottoman - Large	857	10
Metal Shelves	845	5
Table - Drop Occas	825	12
Dining - Table	820	28
Double Mattress Carton	816	0
Picture	811	7
Ladder - Extension	803	9
Trash Can	784	4
Lawn Mower - Power	774	14
Stool - Bar	769	5
Rack	763	2
Cabinet - Corner China	746	26
Rug - Large or Pad	746	9
Umbrella - Patio	719	5
Cabinet	678	16
Crib	668	10
Guitar in Case	645	2
Power Tool - Hand (each)	643	3
Dolly	642	4
Crib Mattress Carton	630	0
Plant Stand	621	2
Dishwasher	612	19
Twin Mattress Carton/Bag	610	0
Chest - Cedar	609	14
Table - Utility	606	5
Wheelbarrow	604	5
King Mattress/Bag	604	0
Armoire	599	31
Office Chair	598	5
Footstool	596	2
Toy - Plastic Small	589	2
Toolchest - Medium	584	10
Rug - Runner	576	1
Desk - Secretary	576	34
Toolchest - Large	575	33
Hamper	565	3
Refrigerator - Mini	552	17
Filing Cabinet - 4-door	543	29
Misc Crate	542	14
Workbench	529	37
6.5 Cu. Carton	529	6
Computer/Printer	523	4
Chair - Folding	518	1
shelf	518	2
TV - Small	498	5
Safe	495	37
Entertainment Center - Small	482	28
Stand	482	1
Exercise Equipment - Treadmill	479	30
Heater - Gas Electric	473	5
Chair-Metal	470	2
Nothing Going	470	0
Plasma TV	470	7
Table - Extension Leaf	469	6
Table Outdoors	469	3
Double Mattress Carton/Bag	468	0
Stove/Range - 30'	460	14
BBQ Grill - Small	452	2
Shelves - Unit	451	18
TV - Medium	449	22
Dresser	443	24
Long Twin Mattress/Bag	443	0
Chest - Armoire	432	30
Toy - Plastic Large	420	5
Table - Childs	414	4
Dresser Mirror	414	8
Hutch - Top	413	19
Artificial Plant - Small	410	5
Pot - Clay	407	4
Shoe Rack	402	3
Clothes Hamper Basket	400	4
Painting/Picture	398	2
Chaise Lounge	384	21
Exercise Equipment	379	11
PC Desk - Small	379	13
Other Carton	374	4
Stereo - Speaker	366	9
Bed-Headboard	364	10
Weights	360	16
Dining - Leaf	357	2
Sewing Machine - Portable	353	5
Toy - Large	343	10
Toy - Small	337	4
Plastic Bins medium	334	3
TV - Stand Large	333	24
Card Table	330	2
Chair - Office	330	7
Bed-Footboard	329	6
Desk	326	14
Marble Table Tops	326	4
Shelf	324	4
Freezer - 10 or less	321	29
Misc 5 cu	314	5
Desk - Computer	309	14
Sofa Table	302	5
misc	298	15
Chair - Metal / Patio	294	5
Breakfast Table	291	10
Refrigerator - 7 to 10 cu ft	291	20
Sofa - Hide  4 Cushion	290	58
Sewing Machine - w Cabinet	289	19
Bed - Bunk (Set of 2)	288	69
Fire Pit	285	14
Fireplace Equipment	279	4
Piano - Bench	279	4
Entertainment Center - Large	278	51
Power Washer	276	5
Air Compressor	275	12
Tote	275	2
Exercise Equipment - Bike	274	10
Wastepaper Basket	273	1
Cart	273	6
Entertainment Center - Medium	272	39
Tote - Plastic  medium	272	5
Bench	271	6
Bed Frame	266	5
Christmas Tree	266	6
Bed-Frame	264	4
Shop Vac	264	4
Table-Card	259	2
Utility Cabinet	256	16
Stroller	252	4
Jewelry Chest	244	5
Garden Hose or Tools	240	10
Plastic Bins Small	238	2
Air Cond Window - Small	236	14
Breakfast Suite - Chairs	234	5
Wagon	234	4
Desk Chair	229	6
Dining - Hutch	226	19
Bench Vanity	226	3
Artificial Plant - Large	224	10
Piano - Spinet Console	221	58
Trash Can - Small	218	2
Exercise Equipment - Eliptical Large	216	30
Stove/Range - 36'	214	30
CD/DVD Rack	214	5
Table Saw	213	20
Tricycle	212	2
Pot - Clay Large	212	10
Spreader	211	4
Shredder	211	3
Futon	209	20
TV Trays	209	4
Pet Carrier	206	2
Brooms, Etc	206	1
Keyboard	202	5
Wardrobe - Large	201	40
rack	199	3
cooler	195	4
Piano - Baby Grand Upright	191	69
Basket	190	2
Dehumidifier	188	9
Chest of Drawers	185	14
Screen	184	6
Wine rack	183	4
TV - Big Screen 40-60	183	38
Misc 10 cu	182	9
Weight Bench	179	7
Baker's Rack	178	20
Lawn Mower - Hand	175	5
Stool - Counter	173	6
Table - Small Outdoor	169	5
BEDRAIL	168	4
Exercise Machine	166	30
Chest - Toy	164	5
Entertainment Center	162	15
Vanity	162	17
Bed - Metal Frame	162	5
Filing Cabinet - 2 drawer vertical	160	8
Sofa - Futon	156	29
Freezer - 11 to 15	156	44
Changing Table	156	14
Compressor	155	6
Table - Large Outdoor	154	10
Bookcase	153	10
Floor Lamp	152	4
Music Instrument	150	5
Sofa - Rattan Wicker	149	19
patio chairs	148	1
Bar - Portable	146	16
Bookshelf	146	4
Leaf Blower	145	4
Easel	144	4
Clock - Grandfather	141	19
Swing	140	9
Bench - Piano	140	4
Speakers	140	2
Lawn Mower - Riding	139	70
Snowblower	139	27
Folding Table	139	4
Vacuum	137	2
Misc	137	5
HEADBOARD	136	5
Pool Table - Slate	134	99
Game Table	134	14
Table Night	134	9
CABINET	132	16
Bucket	132	2
Tote - Medium	131	5
Bed - Headboard	129	9
Instrument in Case	129	2
Bookcase - Small	129	5
LCD TV	126	9
BINS,LARGE	126	5
Tire - w Rim	126	5
hamper	126	4
Power Tool - Stand	126	14
RACK	125	4
Mattress Cover	125	1
Carseat	124	4
BINS,SMALL	124	3
Hutch - Large	124	20
Motorcycle - Cruiser Touring	123	74
Refrigerator	120	39
cabinet	120	13
Glider or Settee	119	18
Statue	117	5
Luggage	117	4
Bar Stool	117	4
Kitchen Table	116	17
Tools	116	4
Night Stand	114	5
Ping Pong Table	114	39
Computer	113	5
Kitchen Chair	112	5
Sofa	112	41
Skis	111	3
Dresser-Single	110	30
tote	110	2
Freezer - 16 or over	110	58
Trampoline	108	14
Trunk	107	8
Dog Crate	106	5
Baby Carriage Stroller	105	3
Chair - Plastic	105	1
Stereo - Console	104	13
High Chair	103	4
Bike Rack	103	6
Exercise Equipment - Eliptical	103	15
Clothes Rack	103	2
Bed Headboard	103	5
Sled	102	2
Saw Horse	102	4
Bed - Daybed	101	30
Keyboard - Large	101	10
Chair Outside	100	2
Coat Rack	99	2
Taxidermy	99	34
Lamp - Floor / Pole	98	4
Desk - Chair	97	8
Tote -Plastic small	97	2
Air Purifier	96	4
Tire	96	3
Ottoman	94	3
Chair - Kitchen	94	3
DESK CHAIR	93	5
Wood	93	5
TV - 60 & Over	93	59
Table - Card	93	4
Rubbermaid Cabinet	91	9
Table-Outdoor	90	17
Tote - Small	90	2
Wardrobe - Small	89	21
Rug	89	8
Garden Ornaments	89	1
Canopy	87	6
Laundry Basket	86	2
Small Table	85	1
Server	85	15
Snowboard	84	4
Bed - Footboard	82	5
bin, plastic	82	4
Bookcase - Medium	81	9
Rug-Small	81	3
Motorcycle - Dirtbike Sport	80	53
Chair - Straight	80	2
Tent	80	5
Lawn Spreader	80	4
Exercise Equipment - Bench	79	18
Christmas tree	79	9
Power Tool - Large	79	32
Range	78	30
Chair - Dining	78	5
Credenza	78	20
Saw Horses	78	3
stand	78	5
Nothing else in room goes	78	0
Hall Tree Rack - Small	78	2
Bed Frames	78	4
Chiminea	77	8
Filing Cabinet - 4 or 5 drawer vertical	77	19
PC Desk - Large	77	28
Empty Per Client	77	0
Shelving	76	7
Pot - Plastic	76	2
Chair - Aluminum / Plastic	76	1
Fountain	76	8
Generator	75	17
Bookcases-Small	75	2
Air Cond Window - Large	74	19
Scooter	74	8
Storage Tote	74	3
Picnic - Table	73	20
Gate	73	2
3.0'Ctn- Not Going	72	0
Serving Cart	72	9
Plastic Drawers	72	4
Misc.	71	7
Hutch	70	28
Planter	70	6
cart	70	5
Misc 15 cu	70	14
Workbench - Small	70	10
Chairs-folding	69	1
headboard	69	18
Filing Cabinet - 2-drawer  lateral	69	10
Cabinet - Small	68	8
Patio Chair	68	4
Wine Chiller	68	13
Bed Footboard	68	5
Statues	67	12
Hall Tree Rack - Large	66	12
Dresser - Mirror	66	9
Duffel Bag	66	3
bed frame	65	6
Chair - Swivel	65	4
Yard Tools	65	8
Tea Cart	65	9
Rest Not Going	65	0
CHAIRS,FOLDING	64	1
Chair-Folding	64	1
Duffle Bag	64	5
Misc Item	64	23
Big Screen TV	64	9
Ladder	63	5
Drill Press	62	15
4.5 Ctn- Not Going	62	0
Printer	61	3
stroller	61	4
Quilt Rack	61	3
CD Rack	61	2
Dresser-Mirror	60	7
Keyboard Stand	60	6
Picnic - Bench	60	9
Mider Saw	60	7
Cabinet - China	59	32
Umbrella Base	59	10
Cat Hotel	59	3
Whicker Chairs	59	2
Surfboard	58	5
Pressure Washer	58	14
End Table	57	4
Saw	57	9
shoe shelf	57	2
Smoker	57	9
Grinder	57	5
Steamer	57	3
Nesting Tables	57	5
Floor Jack	57	8
Walker	56	1
Desk - Small	56	9
Fan - Large	55	5
range/oven	54	25
Bed - Youth Plastic Toy	54	25
Pictures	54	0
Playpen	53	5
Air Conditioner	53	9
wagon	53	5
PBO - TOTE (SMALL)	53	3
STAND	53	4
COOLER	52	1
easel	52	2
desk chair	52	5
Desk chair	52	5
Umbrella Stand	51	4
Magazine Rack	51	2
Guitar	51	2
Doll House	51	6
Plastic Bins Large	51	3
BIKE	51	3
TV trays	51	2
Hammock	50	7
KAYAK 14' & Under	50	6
PBO Not Moving 3.0	50	0
Chandeliers	49	21
PBO Not Moving. 4.5	49	0
Shoe rack	49	2
Patio Table	49	10
SHOE RACK	49	1
Garden Tools	48	7
Piano - Parlor Grand	48	78
Table-Leaf	48	2
Table - Folding	48	3
Toy Chest	48	6
Chair - High	48	4
Folding Chair	47	1
Rocking Horse	47	4
Table - Sofa	47	9
folding tables	47	4
Steam Cleaner	47	5
work mate	47	6
Welder	46	7
Chair, Folding	46	1
Bed - King / Queen	46	49
TV - Flat Panel - Large	46	10
Box - 1.5 Cu. Carton, contents not going	46	0
Bed Frame Small	45	7
File Cabinet- 2 drawer vertical	45	7
Butcher Block	45	14
Raton Chair	45	2
Fishing Rods	45	1
Telescope	44	4
Buffet	44	28
shoe rack	44	4
Rug - Medium	44	5
Rug/Round	44	6
Matts	44	4
Cabinet-Utility	43	19
Speaker	43	7
Amp	43	7
Ramp	43	4
futon	42	18
Tote-Meduim	41	5
Chaise Lounge - Metal - Wood	41	15
Garden Hose & Tool	41	2
Chest - Bachelor	41	11
STG BINS	41	4
screen	41	8
Heavy Duty Carton	40	5
Table - Patio	40	12
Bookcase - Large	40	23
Dog Bed	40	2
Golf Cart	40	70
folding table	40	3
Guns in a Case	40	4
Table-Kitchenette	39	10
Bed - Frame	39	6
Step Stool	39	1
tent	39	4
Armor Pk TV Crtn.	39	0
desk	39	13
tote small	39	3
Plastic drawers	39	4
Treadmill	39	28
Rubbermaid cabinet	39	10
Saddle	38	7
Bike Kids	38	5
mirror	38	10
Table - Coffee (Large)	38	10
PBO - TOTE (MED/LGE)	38	6
Tote - Extra Large	38	15
Flag Pole	38	2
Box - 3.0 Cu. Carton, contents not going	38	0
magazine Rack	38	1
Chair - Desk	37	6
PRINTER	37	4
1.5 Ctn- Not Going	37	0
Headboard	37	9
Golf Clubs	37	7
Water Cooler	37	7
Chair Folding	37	1
Wicker Basket	37	2
PBO - 3.0 (MEDIUM)	37	3
Desk w/ Return	37	35
Table - Medium	37	10
Golf - Clubs / Bag	36	3
scooter	36	5
Cabinet - Supply	36	26
Toy - Chest	36	5
Safe - small	36	10
Matt	35	5
Shelves	35	4
Plastic Shelf	35	7
Appliances - Counter Top	35	2
generator	35	19
Barbells - Enter Weight	35	16
Bed - Mattress	35	13
Ladder - 3 Step	35	3
Cabinet - Kitchen	35	27
Scooters	35	4
Coolers	34	2
Chair-Dining	34	4
Sandbox	34	8
Lawn Mower - Push	34	15
Ski	34	2
Music Cabinet	34	11
Tool Box	34	4
Coat Rack - Small	34	2
nothing goes	34	0
Door	33	9
Easle	33	2
computer desk	33	13
Deck Box	33	12
lamp ctn	33	5
coat rack	33	7
Hutch - Small	33	10
Wine Rack	33	6
Raton Sofa	33	3
Wreath Box	33	2
Garden Hose	32	4
shelf-book on wall	32	2
Organ - Small	32	21
Cat Condo	32	7
Chair - Patio	32	5
Bird Cage	32	5
BENCH	32	8
Shelves - Plastic	32	4
JACUZZI: 65' & OVER	32	76
Rug - Small	32	1
yard art	32	6
quads	32	35
trampoline	31	18
Jack	31	7
Toolchest	31	43
SOFA 2 CUSHION	31	34
BBQ Grill - NO TANK	31	11
Bed - Single	31	31
Bicycle - Child	31	3
shoe racks	31	6
Rod	31	3
STROLLER	30	3
TV-Tray	30	1
Grandfather Clock	30	12
Weed Eater	30	4
Chair - Aluminum	30	1
plastic cabinet	30	2
Closet Items	30	0
Bookshelf, Small	30	5
Childs gate	30	2
TRASH CAN	30	1
garage cabinets	30	15
Candle Sticks	30	4
Rolling Cart	29	10
bed-headboard	29	10
Pedestal	29	5
Cabinet - Gun	29	16
Punching Bag	29	10
clothes rack	29	3
bench	29	7
TV - Stand - Large	29	10
MONITOR	29	2
Washing Machine w/ Peds	29	35
Bins - Plastic	29	6
shelving	29	5
Crutches	29	1
bags	29	4
Chair folding	28	2
Bike	28	5
Footboard	28	8
Dryer, Electric	28	25
Mower - Lawn (NO GAS)	28	10
Table - Drop / Sofa	28	10
Tote ctn	28	5
Basketball Goal	28	23
Sideboard	28	27
Air Bed	28	3
Rug - Large	28	9
Large cabinet	28	25
wood	27	11
Washer, Top Load	27	24
Ramps	27	4
Dresser - Vanity	27	18
Dryer - On Pedestal	27	35
Front Load Washer	27	34
Toolbox	27	3
Broom/Mop	27	2
Table- Folding	26	5
PBO's	26	4
Basketball Hoop	26	17
Murphy Bed	26	32
Tripod	26	1
PBO Not Moving. 1.5	26	0
CLOTHES HAMPER	26	1
Bag	26	3
Appliances - ALL	26	0
Picnic Cooler	26	2
.APPLIANCES STAY (MAJOR)	26	0
camping gear	26	6
Pack and Play	26	2
Bird Feeder	26	8
LAMPS	26	0
nothing else goes	26	1
Racks	26	2
bed-footboard	25	10
computer	25	5
Workmate	25	5
Table - Bedside / Night	25	5
Scale	25	3
Armoir	25	28
Chair - Child	25	1
TOTE - Small	25	2
Antique Sewing Machine	25	10
Drum	25	5
Metal Shelf	24	15
EASEL	24	3
Fish Tank	24	15
Tackle Box	24	1
Baskets	24	2
Amps	24	9
Plastic Bin Medium	24	3
Tote - Medium Packed	24	4
Sawhorse	24	3
trash can	24	2
Ladder - Step	24	3
Waste Basket	24	1
saw horse	24	3
Coat Tree	24	2
.FURNITURE - UPHOLSTERY	24	0
Chair - Porch	24	2
Bookshelf, Medium	24	9
Table - Changing	24	12
wall unit	24	30
Misc 25 cu	24	24
Sled / Skis	24	2
Shelving Unit - Plastic	24	4
COMPUTER EQUIPMENT	23	4
Massage Table	23	10
mats	23	4
Washing Machine Front Load	23	27
Dog crate	23	7
Basket - Laundry	23	1
Plastic Toys Medium	23	3
Plastic Container	23	7
PBO - 1.5 (SMALL)	23	2
.IMPORTANT NOTE	23	0
Bench - Weight	23	5
cabinet, small	23	7
Handtruck	23	7
doll house	23	11
Sports gear	23	4
.PACKING - FULL	23	0
saw horses	23	4
sporting goods	23	5
Bed -- Frame	23	4
grandfather clock	23	30
Car Top	23	8
Pbo Carton	23	5
Table-Folding	22	5
playpen	22	4
Amplifier	22	5
Divider	22	6
Bean Bag	22	7
tub/basket	22	1
miscl	22	11
Footlocker	22	7
bike rack	22	4
Drying Rack	22	2
Baby Gate	22	2
.FLOORS - HARD WOOD	22	0
Chair - Recliner	22	19
printer	22	3
Chair - Outdoor	22	5
Bowling Ball/Bag	22	2
Sofa - Leather	22	40
Shelving Unit - Metal	22	4
Lamp floor	22	3
Misc 20 cu	22	20
Electronics	22	2
Amphs	22	4
Whicker Sofa	22	13
Chairs-Plastic	21	1
amplifier	21	6
CAT TREE	21	4
Mattress	21	17
Dresser - Normal	21	25
Cat Post	21	5
Sofa-Hide	21	56
flat screen LCD t.v.	21	20
dog cage	21	4
.FLOORS - CARPET	21	0
Table - Small outdoor	21	2
Hydraulic Jack	21	5
Shelf, Plastic	21	4
compresser	21	10
TV - Flat Panel - Small/Medium	21	5
Chandelier	20	7
TV TRAYS	20	5
Bicycle-Kids	20	3
chest	20	9
dog bed	20	4
Crate	20	11
Xmas decoration	20	3
dog crate	20	5
ski	20	2
chest of drawers	20	24
.ORIGIN - HOME	20	0
Lathe	20	28
SPORTS BAG	20	1
Front Load Dryer	20	30
Miscellaneous	20	15
Piano - Upright	20	70
Dog House	20	8
Cabinet - Medium	20	11
Box	20	4
BBQ	19	12
COAT TREE	19	5
Kitchen Cabinet	19	30
Wire Bin	19	2
Flat TV	19	11
shelf, plastic	19	4
.FLAT SCREEN TV - > 40" CP	19	0
Heater	19	3
BOXES	19	3
Table Leaf	19	3
PC TOWER	19	7
Arcade Game	19	46
.FURNITURE - LEATHER	19	0
chair, folding	19	2
Shelving Unit	19	9
Luggage Rack	19	3
Tile Saw	19	3
Globe Table	19	4
Hose	18	5
Shelf Plastic	18	3
Drafting Table	18	19
Table - Leaf	18	3
Gas Can	18	2
TV Wall Mount	18	4
weed eater	18	2
Mops & Brooms	18	2
Bar Chair - tall	18	5
Misc. Garage Items	18	2
Stroller Folding Meduim	18	2
Table Folding	18	3
.ORIGIN - VAN ACCESSIBLE	18	0
Wicker	18	5
Bed frame	18	10
Dresser Normal	18	25
Pet carrier cage	18	10
credenza	18	28
camping supplies	18	10
Plastic Tote	18	4
Headboard/Footboard	18	8
Craddle	18	7
chiminea	18	11
standing mirror	18	9
Book Box	17	0
CART	17	4
Chair-Plastic	17	1
Water cooler	17	6
Barrel	17	5
shredder	17	4
Misc 50 cu	17	51
t.v. table	17	10
hand tools	17	4
Lamp Carton	17	3
Cabinet, Utility	17	17
Dresser - Single 30	17	30
WICKER BASKET	17	1
Outdoor - Swing Set	17	39
Rocking Chair	17	9
fountain	17	14
Edger	17	5
Dresser - Tall	17	35
Bed -- Headboard	17	6
Sofa - Section	17	20
Monitor	17	4
telescope	17	9
washer	17	5
Chair - Occasional / Recliner	17	15
Wine Fridge	16	11
Chair-Whicker	16	4
punching bag	16	13
LCD TV- 46 inch tv	16	15
XMAS TREE	16	5
Milk Crate	16	3
cushions-lawn chair	16	3
Paper Shredder	16	3
Chaise	16	12
Band Saw	16	14
Plastic Toy	16	7
Child's Toy	16	5
speaker	16	6
Exercise Ball	16	1
cabinet, large	16	21
Rug Small	16	2
CUSHIONS	16	1
Tools -- Outdoor/Garden	16	10
misc.	16	15
bed headboard	16	10
Chair Mat	16	2
Bean Bag Chair	16	4
.ORIGIN CARRY < 100'	16	0
golf clubs	16	9
Trampoline - Exercise	16	5
Shelves - small	16	9
Misc HHG Item	16	10
Dog Kennel	16	4
GATE CHILDS	16	1
hammock	16	9
Table coffee	16	6
Antique Stero	16	7
Small cabinet	16	6
Chair-Aluminum	16	1
Tote Box	15	5
SCREEN	15	4
chairs-stack plastic	15	2
Shelves - Wood	15	3
PBO'S 4.5	15	4
Shopping Cart	15	2
Igloo	15	4
Cradle	15	8
.ORIGIN - SHUTTLE	15	0
Desk Table	15	8
Trimmer / Leaf Blower	15	2
bird bath	15	19
File Box	15	3
Rug - 8 x 10	15	10
Patio chair	15	3
Chest of drawers	15	15
Rug small	15	3
jack stand	15	8
totem poles	15	3
Walking Sticks	15	2
Towel Stand	15	1
Camping gear	15	3
Weedeater	15	4
Misc. Items	15	1
Hot Tub - Under 65 Cu Ft	14	386
Workmates	14	4
Copier	14	22
chair	14	2
Bike-Kids	14	3
KAYAK 14' & OVER	14	14
Chair - Wood	14	4
Floor Mat	14	2
Toy Kitchen	14	5
.ORIGIN - APT UNIT	14	0
Bed - Bassinette	14	12
smoker	14	10
Saw - Table	14	20
Cat Tower	14	7
Guitar - In Case	14	2
PBO - 1.5 - (BOOK BOX)	14	5
Wall Unit	14	49
duffel bags	14	4
TV Tray	14	3
Dryer-Electric	14	25
HARVEST TABLE	14	10
bar stool	14	2
Metal Wall Art	14	2
Firebox Insert	14	8
Misc 100 cu	14	198
Luggage Set	14	5
Desk computer	14	15
Fireplace Screen	14	5
Wheel Chair	14	7
Bed -- Footboard	14	2
Cabinet - Wood	14	9
Fishing Pole	14	1
Playset	14	28
canopy	14	4
PBO - 9.0 (WARDROBE)	14	10
crate	14	7
Printer - Desk Top	14	3
Garden tool	14	1
Tote Small	14	2
Arm Chair	14	12
Chaise-Folding	13	10
LCD TV-32	13	10
Radio	13	12
totes empty	13	1
FUTON	13	13
GENERATOR	13	16
pet carrier	13	5
Toy Tub	13	2
Hedge Trimmer	13	2
BEDRAILS	13	5
Bassinet	13	6
Saw horse	13	2
camping equipment	13	5
Pool Table - Comp.	13	24
.FLOORS - TILE	13	0
XMAS Tree	13	7
Chair - Arm / Papasan	13	9
Stereo Components	13	2
Bird Bath	13	9
Cabinet - Large	13	27
Chair - Metal	13	3
trunk	13	9
Chainsaw	13	3
Cot	13	5
PBO - 4.5 (LARGE)	13	5
bed footboard	13	5
edger	13	5
Table - Outdoor	13	9
skis	13	5
Aquarium	13	12
WINE BOTTLES	13	0
SKIS/SNOW BOARD	13	3
Rug - 5 x 7	13	10
duffel bag	13	9
CHINA CABINET	13	40
Self Metal	13	5
snowboard	13	7
Home Gym Built	13	63
magazine rack	13	4
Chimnea	13	7
3.0 carton	13	3
saw	13	14
Bird Bath (Check Weight)	13	8
Outdoor Table	13	7
Armoire - Large	13	38
Chair, Aluminum	13	1
Ice Chest	13	3
Christmas decor	13	5
Cushions	13	4
Cube	13	2
Shelves - Metal Small	13	4
Sofa Chair - Occasional	13	14
dog kennels	13	5
Gun Cabinet	13	11
Bricks	13	9
Jointer	13	12
Basketball hoop	13	14
Case	13	3
Patio table	13	14
Table - Coffee End	13	5
Chair - Beanbag	13	2
Bins	13	3
Plastic Bins	13	4
gate-folding	12	1
milk crates	12	1
Appliances - countertop	12	3
Chair-High	12	5
Wine	12	1
Umbrella-Stand	12	5
Toy Car	12	9
Shoe Shelf	12	3
Valet	12	4
.ORIGIN - DRIVEWAY PAVED	12	0
armoire	12	38
Dining - Table Leaf / Pad	12	2
Piano Bench	12	5
Tote Ctn	12	2
Dog Cage	12	4
SHREDDER	12	1
ice chest	12	4
POTS	12	2
Mat	12	2
AISLE	12	2
Chair Office	12	5
Xmas Tree	12	6
Duffles	12	5
Cage	12	4
Beach Chair	12	3
folding chair	12	1
nothing going	12	0
.IMPORTANT NOTE 2	12	0
.3RD PARTY - ADD TO BILL	12	0
Keyboard w/Stand	12	9
tote medium	12	7
kennel	12	4
Mirror - (Floor type)	12	5
Chair - Leather	12	10
cat box	12	3
BUFFET	12	34
Cart, 3 Drawer Plastic	12	5
ramp	12	4
Table-End	12	5
Desk small	12	12
Box - 1.5 Cu Carton, contents not going	12	0
folding chairs	12	2
Patio Set	12	45
TV	12	8
bassinet	12	4
Misc Boxes	12	3
horse	11	3
UMBRELLA STAND	11	6
Engine	11	51
water cooler	11	8
WAGON	11	4
Heavy Bag	11	7
amp	11	11
Folding table	11	5
Garden hose on reel	11	6
Wall Shelf	11	3
Garden Hose Reel	11	8
Table, Folding	11	5
Bouncy Chair	11	5
Tractor Trailer Access OK	11	0
compressor	11	10
Xmas tree	11	5
Wicker Chair	11	5
Safe Floor/Small	11	10
Silk tree	11	5
Umbrella	11	5
Sofa - Loveseat - Leather	11	30
Weight Bar	11	4
Vehicle - Year, make - model	11	0
tote-small	11	2
Air Hockey Table	11	17
Dresser - Vanity Bench	11	3
toy chest	11	8
jack	11	8
Kitchen - Chair	11	5
Ottoman - Leather	11	5
Mower, Power	11	15
HOT TUBS: 65' & OVER	11	104
Bike youth	11	4
Cabinet, small	11	9
Bar, Stool	11	3
4.5 carton	11	4
Tote -Plastic Packed	11	2
Outdoor Chair	11	3
.GLASS TOP(S) CP	11	0
Table - Breakfast	11	7
Tub	11	4
Headboard / Footboard	11	9
Dryer -  Not Going	11	0
Washer - Not Going	11	0
pedestal	11	9
Plastic Storage Bin	11	3
Table lamp	11	3
Shelving Unit - Large	11	23
Shelf - Wood	11	3
range/stove	11	25
racks	11	2
Cement Bench	11	20
plastic drawers	11	3
Gun Safe	11	79
Cabinet, Curio	11	20
Box - 4.5 Cu. Carton, contents not going	11	0
Pedastal	10	4
Barrell	10	9
Firepit	10	10
CAMPING EQUIPMENT	10	10
MISC. TOOLS	10	9
LCD TV-37 inch	10	10
entertainment center	10	11
Glass Top	10	8
Xmas PBO	10	3
steamer	10	3
air mattress	10	7
LCD TV-55 inch	10	15
Clock	10	5
MISC TOOLS	10	9
Piano- Upright	10	70
Bench - Vanity	10	3
AMP	10	6
Rowing Machine	10	20
Rack - Shoe	10	2
Yard Tub	10	9
foosball table	10	21
shop vac	10	4
Hand Truck	10	5
Carpet - Medium	10	5
armoir	10	41
buffet top	10	23
MISC ITEMS	10	152
PICTURES	10	1
Bed, Footboard	10	5
Bed, Headboard	10	10
Drums	10	12
Chair Dining	10	5
Rack Shoe	10	2
METAL RACKS	10	14
tools	10	9
Shelf - Plastic	10	3
BB Hoop	10	21
TV - Flat Panel	10	14
Doll house	10	10
Tote - LG	10	6
gun safe	10	24
table bar height	10	20
China Cabinet	10	29
Pool Table Slate & 3rd Party	10	7
Coat Rack - Large	10	8
Tiller	10	15
china cabinet	10	31
Chair - Stack / Metal	10	1
Cooler - Small	10	2
Chair - Breakfast	10	4
Mirror free standing	10	5
MIRROR	10	9
Cooler - Ice Chest	10	2
ladder 10 Foot	10	7
Metal Rack	10	12
Books/book boxes /no more books or book boxes are going from this Room	10	0
Clamps	10	3
Car Top Carrier	10	10
Step stool	10	1
workmates	10	6
Porch Chair	10	5
PBO - TOTE (UNDER BED)	10	3
Chair - Wicker	10	5
SETTEE	10	10
Hoop	10	7
Toy Box	10	9
Carton	9	4
Bar	9	19
CASES OF WINE	9	5
Bar - Stool	9	3
dryer	9	25
SAW HORSES	9	2
LCD TV-40 inch	9	10
Chairs-Folding	9	1
Record Player	9	17
fouton	9	25
TABLE SAW	9	15
ToolChest	9	105
Basinette	9	7
Birdbath	9	11
Shelf Metal	9	5
Weedwacker	9	2
RACK,SMALL	9	5
Chair - Computer	9	5
SCOOTER	9	1
Cat Stand	9	4
Washer/Dryer Combo	9	50
.FLAT SCREEN TV - < 40" CP	9	0
Garbage Can	9	4
basket ball hoop	9	17
statue	9	9
Washing Machine-Top Loader	9	30
CAMP GEAR	9	9
COAT RACK	9	2
Desk, computer	9	12
Cabinet - Plastic	9	7
Desk Computer	9	12
Chair - Lawn	9	2
Bike rack	9	3
Self Plastic	9	3
Patio Chaise	9	10
Plastic Plants	9	4
Plastic drawer	9	4
Bedframe	9	14
executive Chair	9	16
dish carton	9	10
Vase	9	2
Engine Stand	9	12
Hamper - Clothes	9	2
Chair, folding	9	2
Outdoor - Child Gym	9	30
Cabinet-med.	9	20
Exercise Bike	9	31
Speaker - Large (Blanket Wrap)	9	5
Weight Rack	9	27
Dorm Fridge	9	5
Plastic Drawer Unit	9	5
WHITE BOARD	9	2
Vacuum - Floor Sweeper	9	1
storage cab	9	20
Hamock	9	8
Pack-n-play	9	5
gate	9	3
Desk - Large / Office	9	31
Laundry Basket - large	9	9
BED - Queen	9	61
organizer	9	10
cat furniture	9	10
Bookcase-small	9	5
Food Storage	9	4
plastic Shelves	9	5
Arm Chair - LG	9	20
Bassenet	9	3
Chair, Rocking	9	5
Tool - In a case / Power Tool	9	1
Dresser, Mirror	9	10
cabinet storage	9	15
cat tower	9	10
Fan - Ceiling	9	5
DESK	9	12
Patio Chair - Metal	9	7
Desk - Hutch	9	10
Net	9	2
Brooms, Bucket	9	3
Playhouse	8	18
LCD TV-48 inch	8	15
Juke Box	8	51
Drum Set	8	20
LCD-60 inch	8	20
Toy chest	8	6
Fireplace	8	29
File Cabinet-4 door vertical	8	10
Wardrobe	8	10
BOAT TRAILER	8	190
washer/dryer combo	8	60
Kids kitchen	8	5
Chair - Light	8	2
Plant	8	6
Cabinet - Utility	8	12
Ceramic Pots	8	9
Tent Camping	8	5
desk - small	8	10
Credenza - large	8	18
Tote - Small Packed	8	3
Tote - Large Packed	8	7
PBO's moving	8	3
chair, dining	8	8
Wicker Bench	8	9
Toy	8	1
Music Stand	8	1
basket	8	2
CARD TABLE	8	1
bin, large	8	10
Chair, Dining	8	4
Guns	8	4
grill	8	13
Exercycle	8	7
Table Sofa	8	7
ELLIPTICAL	8	20
PLASTIC SHELVES	8	7
Chair, Kitchen	8	5
Chair Beech	8	2
Chair Metal	8	2
Table Patio	8	10
planters	8	2
Miter Saw	8	18
Plastic storage bin	8	2
Dresser-Chest	8	30
Vise	8	9
Basket Ball Hoop	8	10
Shelving, Plastic	8	4
Filing Cabinet -  4 or 5 drawer lateral	8	15
cabinet plastic	8	4
duffle bag	8	5
Mirror With Feet	8	5
Battery Charger	8	4
PBO - TOTE (MEDIUM)	8	4
Washer - 3rd party	8	25
Washer - Front Load	8	32
Fishing gear	8	5
Ice chest	8	2
Head board/foot board	8	20
MATTS	8	1
Floor mirror	8	8
lawn edger	8	5
book carton	8	7
White Board	8	2
BBQ - Smoker	8	5
Tool Chest - Large	8	38
Sweeper	8	2
Table-Patio	8	18
Shoe shelf	8	2
Treadmill - Large	8	30
Shop vac	8	4
KAYAK UNDER 14FT	8	6
-	8	0
Util - Dryer	8	25
Bench-Small	8	4
Bed-Roll Away	8	2
lamp floor	8	3
Carpet - Large / Pad	8	10
pots	8	8
buckets	8	2
Wheel	8	2
humidifier	8	3
Chair Plastic	8	1
Sculpture	8	10
.STREET / PARKING INFO:	8	0
Dryer - Electric	8	24
MISC CUBE	8	11
Saw Horse, Folding	8	2
Cabinet - Corner / China	8	26
Clothes Hamper	8	2
washer, front load	8	25
File cabinet	8	5
Antique Desk	8	9
Tote-Medium	8	7
Camping Gear	8	6
Plastic Bin - Large	8	5
Range/Stove. 36"	8	30
Shelves - Plastic Small	8	4
Organizer	8	3
Christmas Ornaments	8	7
Goal	8	5
Appliances- Counter Top	8	3
Hutch - Bottom	8	25
Porch chairs	8	2
Notes - For Current Room	8	0
Patio chairs	8	4
small table	8	3
Toys	8	6
Plastic Drawers LG	8	5
Nothing Else is Moving	8	0
Gas can	7	2
HAMMOCK	7	4
Wardrobe PBO	7	10
Dresser - Small	7	10
plastic shelves	7	4
tube	7	1
Saw-Table	7	10
Kiln	7	16
table-card	7	2
miscellaneous	7	13
Wheelchair	7	14
Motorcycle	7	57
Weight Stand	7	8
Camp Gear	7	3
Chair - Adirondack	7	6
Locker	7	10
Plastic Bucket	7	3
Gun	7	2
Whiteboard	7	5
Creeper	7	4
Rototiller	7	17
Kids Kitchen	7	4
Desk-Computer	7	17
Table, Coffee	7	13
table base	7	8
notes	7	0
CANOE 14' & OVER	7	12
Bed- Headboard	7	5
Cat Tree	7	7
trailer	7	72
Kitchen Island	7	16
Gazebo	7	26
PBO - 2.5 (MIRROR CARTON)	7	2
outdoor dining table	7	30
Table - Child / Train	7	5
Car Ramps	7	4
Compressor, Air - Small	7	4
Carpet - Small / Runner	7	2
TV Stand	7	6
Shelf Large	7	8
BED FAME	7	8
snow skis	7	2
Shelve Plastic	7	4
TV LCD	7	5
cabinet -small	7	10
cabinet-medium	7	20
Globe	7	3
BAG	7	3
drill press	7	30
Work Bench - Small	7	15
Bath Shelf	7	3
Dollhouse	7	4
Cabinet-Large	7	32
Cat tree	7	5
GATE	7	1
Lawn Edger	7	5
TV - 32" LCD/LED	7	13
plastic chair	7	1
Grill	7	14
Wine Cooler	7	16
.DESTINATION - ACCESS UNKNOWN	7	0
Razor scooter	7	1
Wood Swing Set	7	93
Table - Patio Metal	7	4
Concrete Item	7	16
Printer Large	7	3
CHOP SAW	7	5
Refrigerator - Not Going	7	0
Plants	7	2
globe	7	8
Island	7	19
Shelf - Small	7	3
Book Shelf	7	5
CAR SEAT	7	7
pack n play	7	8
Canopy- portable	7	8
Computer - monitor	7	1
golf cart	7	109
rock	7	8
Radio Arm Saw	7	27
Safe - Small	7	10
PBO - Computer Monitor	7	2
cat tree	7	21
fireplace	7	25
Swingset	7	85
dresser mirror	7	10
Camping Equipment	7	6
car topper	7	9
Dog cage	7	4
Box - Wardrobe Carton, contents not going	7	0
Ski's	7	3
Chair - Child's	7	1
Car Seat	7	6
Hockey Bag	7	8
Work Mate	7	3
Humidifier / Purifier	7	5
Mirror - Small	7	3
TV - Large	7	20
Bed - Bunk	7	40
Chair - Occasional Leather	7	19
Chairs Folding	7	1
Chair metal	7	3
play house	7	88
Pot	7	5
Patio Table - Small	7	2
Misc Yard Tools	7	0
Amoire	7	35
All Terrain Vehicle	7	83
Tool	7	1
PC - Flat-Screen	7	3
Shop-Vac	7	7
Tools - Power-hand tools	7	2
Bed - head/foot/rails	7	6
Settee	7	19
Lamp, Floor	7	3
Cabinet Small	7	8
Desk Chair LG	7	10
Folding Table LG	7	5
Vacuum - Shop	7	4
Arm Chair - Small	7	6
Plastic Drawers Small	7	2
TV-19 inch	6	9
SNOWBOARD	6	4
Ski Set	6	3
Weight Set	6	36
XMas Tree	6	9
Lawn Spredder	6	2
DESK,CHAIR	6	5
Coffee Table	6	11
Carpet Cleaner	6	6
Glider	6	14
Car Jack	6	10
Christmas decor large mesh	6	4
Bed Frame - Headboard - Footboard	6	8
Milk Can	6	5
chair - desk	6	5
Guitar Stand	6	2
Guerrilla Rack	6	21
Sofa - Hideabed	6	50
Garage Misc.	6	40
Printer - Desktop	6	3
Wagon Kids	6	5
weights	6	39
Dart Board	6	4
Vacuum - Shop Vac	6	7
Table - Outdoors	6	10
Recliner	6	25
Plastic plant	6	4
Auto Storage For Top Of Car	6	9
Wood kids kitchen set	6	4
Corn Hole	6	6
bench, small	6	5
Magazine rack	6	2
BASSINET	6	3
Bike Trailer	6	6
Flower Pot	6	3
Tote 3	6	3
Eisle	6	8
Basketball goal	6	18
Yard ornament	6	6
Popcorn Machine	6	9
Tote small	6	2
Chair Patio	6	5
Toy Shelf	6	5
rack wardrobe	6	10
fish tank	6	10
Freezer - Small (Empty)	6	14
pboa 1.5	6	1
Snow Board	6	5
Bookcase - Plastic	6	5
rifle	6	4
Bed Rails	6	2
trailer /cart	6	15
1.5 cube carton	6	1
Hand Tool	6	2
Concrete Stand	6	13
gun cabinet	6	23
fishing poles etc	6	5
Heat Lamp Outside	6	9
.FLOORS - HW MOST/ALL OF HOME	6	0
.ORIGIN - DRIVEWAY - PAVED	6	0
.PETS IN HOME	6	0
PBO - TOTE (LARGE)	6	6
Kitchen Table Leaf	6	1
Sports Equipment	6	5
pet crate	6	4
Chest of Draws	6	12
valet	6	4
DOLLY	6	5
DVD / CD Rack	6	6
Washer, Front Load	6	25
Table Base	6	12
Ottoman - Leather - Large	6	10
Tire / Wheel	6	2
Shoerack	6	2
Bike Rack for Car	6	4
3 Drawer Tote	6	2
ATV	6	67
Table small	6	2
CHANGING TABLE	6	8
Refrigerator - College Style	6	10
.PAIRS AND SETS	6	0
gun case	6	1
birdbath	6	13
Shop Press	6	29
Cut Off Saw	6	10
PBO - Computer	6	3
matts floor	6	1
table saw	6	26
aquarium	6	50
plastic chairs	6	1
Shuttle	6	0
3rd Party Required	6	0
Mats	6	4
Box - 3.0 cu Carton, contents not going	6	0
Notes - Current Room	6	0
Sports Bag	6	3
quilt rack	6	4
Table Coffee	6	10
Table - Child's	6	2
Dirt Bike	6	11
bean bag	6	5
Plastic Bin	6	3
walker	6	1
Quilt Stand	6	5
Bookshelf, Large	6	17
Tool Chest	6	16
Porch Table	6	10
Rack - Wall	6	2
Antique Chair	6	5
Fireplace - Faux	6	15
Slide	6	4
Futon Bed	6	23
Futon - Large	6	26
Deco	6	6
BED - Twin	6	38
Animal Kennel	6	3
Rattan Wicker - Chair	6	7
Boogie Board	6	2
File cab 2 dr	6	10
AA Carrier Pack	6	0
Copier/Small	6	5
TV Cabinet	6	15
Cabinet-Medium	6	10
wardrobe	6	10
Plastic Bin Large	6	4
Tools - Small Handtools	6	0
Room divider	6	8
Mini-Chests	6	2
Bench - Wood	6	5
outdoor table	6	9
Video Cabinet	6	13
Bookcase - LARGE	6	30
Cooler  LG	6	5
Wastecan	6	2
Heater-Outdoor	5	10
Car Carrier	5	9
Table-patio	5	13
Misc Box	5	4
Tote - small	5	3
table- folding	5	2
LCD TV-42 inch	5	10
Coke Machine	5	26
LCD-TV 65 inch	5	20
Stroller-Double	5	10
Lamp-Floor	5	10
Freezer	5	11
PLANTS,FAKE	5	5
BIRDBATH	5	22
SKIS	5	2
STATUE	5	13
Piano-electric	5	28
Matresses	5	10
SHELVES,PLASTIC	5	5
Shelf Industrial	5	20
Work Bench Sm	5	20
Child's Chair	5	1
Cornhole	5	5
Swing Set	5	90
Canoe	5	38
Exercise Equipment - Inversion Table	5	8
Wardrobe Not Moving	5	10
Bench - vanity	5	1
Chair - Boudoir	5	13
SCREDDER	5	5
Chair, Bar	5	10
Lawn Seeder	5	5
Bench, Wood	5	11
shelves - wood	5	5
Desk - Kids	5	10
Door Mirror	5	12
umbrella stand	5	3
Bed - Waterbed Base	5	23
bed frame only	5	3
butcher block	5	21
Barbells	5	10
DRILL PRESS	5	17
B-BALL STAND	5	15
Stroler	5	4
WINE CASES	5	3
Broom	5	1
Cabinet, Small	5	10
Car Parts	5	12
Car ramp	5	2
Nothing in Room Goes	5	0
RIFLES/SHOT GUNS	5	1
SPEAKERS	5	4
Tool Chest Hand	5	2
Garden Pot	5	3
Shampooer	5	4
.BULKY - PIANO (UPRIGHT)	5	0
.UPHOLSTERY - SHRINK WRAP	5	0
chandelier	5	8
Straw Basket	5	3
Dry rack	5	2
music stand	5	2
Pack n play	5	4
Umbrella Patio	5	12
Yard Bin	5	5
kids bike	5	4
Chaise - Plastic	5	8
skis, cross country	5	4
Box Spring	5	9
Painting	5	2
table	5	3
Washer/Dryer Stackable	5	40
doghouse	5	10
BOAT 14' & OVER	5	46
chairs,plastic	5	1
Yard tools	5	1
door	5	8
cot	5	6
.MARBLE TOP(S) CP	5	0
Nothing Goes	5	0
blanket rack	5	4
fishing poles	5	3
mattress	5	9
tiller	5	14
Dresser, Single	5	29
weed wacker	5	4
PLAY TABLE	5	10
Rock	5	45
car ramps	5	4
Utility Shelf	5	6
Sprayer	5	4
Wagon Plastic	5	5
Instrument - In Case	5	1
hand truck	5	3
TV tray	5	4
Picture - Canvas - framed	5	3
TOTE - Medium	5	5
Util - Wash Machine - Top Load	5	25
chain saw	5	2
cradle	5	9
Shelves Plastic	5	3
.PACKING - CUSTOM	5	0
Buffet - Hutch	5	22
Lamp Shade Carton	5	3
weight bars	5	4
Bicycle - Small	5	3
Dresser, single	5	30
Crates	5	32
Desk Hutch	5	10
Record Cabinet	5	10
Bamboo	5	4
Table - Work	5	10
Dust Cleaner	5	35
Table Legs	5	6
Play Set	5	10
XL-PLASTIC TOTES	5	10
rocking horse	5	2
.STRAIGHT TRUCK NEEDED	5	0
Elliptical - Large	5	26
Razor	5	17
Concrete Yard Art	5	30
Outdoor Umbrella	5	3
Ski Equipment	5	10
Table - Base	5	9
BBQ Grill - Weber	5	2
Humidifier	5	3
.EXERCISE EQUIP - HOME GYM	5	0
Shelving Unit - 4 Shelves Plastic	5	4
Weights - ALL	5	52
ARMOIRE	5	23
Cabinet - Metal	5	8
Rack - Metal	5	5
Table - Library	5	11
head board	5	6
MISC 5 cube	5	5
MATTRESS	5	13
DRYER-electric	5	20
SHELF	5	10
Tools - misc.	5	2
AA Shuttle	5	0
Folding Cot	5	5
Oscilloscope	5	6
Camping Equip.	5	3
composte	5	15
Room Screen	5	7
Chair -Metal	5	3
Table - Folding Large	5	4
tractor	5	64
paper shredder	5	2
Jacks	5	3
Patio set	5	25
Kennels	5	2
Bar Stools	5	5
Chain Saw	5	4
Already Packed Box med	5	3
Desk - Child's	5	7
Chair,Folding	5	2
Desk - PC Large	5	30
Music stnd	5	3
Mirror, Large Wall/Floor	5	10
Desk - PC Small	5	13
drawers (plastic)	5	5
Rack Small	5	2
Tote-Plastic	5	5
Plastic Bin 4	5	4
picture/mirror cartons	5	3
Bedframe Only	5	6
hutch	4	30
Doghouse	4	25
Misc tools	4	15
Aquarium Stand Wood	4	20
Cradenza	4	20
Matt - Rubber/Gym	4	2
pots bronze	4	7
Minimum Crates	4	0
CREDENSA	4	30
CAR RAMP	4	3
4.5	4	3
Hot Tub	4	70
TV 27	4	25
BASKET	4	4
MISC WOOD	4	10
BAGS OF CLOTHES	4	5
Refrigerator - Small	4	10
Washing Machine/ Dryer Stackable -Miele	4	50
LCD TV- 65 inch	4	20
Weight Bench Normal	4	12
Shelf Sm	4	2
Cart - Kitchen	4	6
Table - Kitchen Sm	4	12
Cabinet - Bath	4	5
Wedding Dress PBO	4	4
PBO' Books	4	5
Baby seat	4	1
Toy - Kitchen	4	6
PBO	4	3
DOLLHOUSE	4	5
Wood Chipper	4	22
Lawn tools	4	8
Dog bed	4	2
Snack Table	4	3
Tent Bag	4	10
footlocker	4	5
Shoe Rack - Small	4	3
instrument no case	4	2
.ORIGIN - ELEVATOR	4	0
2 Wheel Dolly	4	3
Exercise Ball - Deflated	4	2
Futon - Sofa Bed	4	35
Picture - Canvas - no frame	4	3
Table - Outdoors- Large	4	15
snow board	4	5
Nothing goes	4	0
bed rails	4	7
B-Ball Hoop - Kids	4	3
Carpet - Large	4	10
Clock - wall	4	4
FOUNTAIN	4	26
shelf-wood	4	2
floor jack	4	9
Tote w/drawers - plastic packed	4	5
Desk Top	4	8
Mantle	4	16
Table-Stone	4	42
Yard Ornaments	4	6
cat condo	4	8
EZ up	4	18
Metal Chair	4	5
Gun case	4	4
SAW HORSE	4	1
Bench, Small	4	4
Mop	4	2
Tv trays	4	3
Desk, Chair	4	5
Cubic Foot Crates	4	1
Duffle Bags	4	4
safe	4	21
Plastic Toys Large	4	9
Coat rack	4	3
Auxiliary Service	4	0
Straight Truck Only	4	0
Small PBO	4	2
Table, Sm	4	2
Table Lg Folding	4	10
PC computer and Tower	4	4
Fouton	4	20
Stg bin	4	9
wood pcs	4	11
Chest - Plastic	4	4
Table - Folding Banquet	4	6
Christmas Decor	4	4
Washer--Front Load	4	35
Bed - Trundle	4	37
cube	4	3
BED FRAME	4	5
Gum ball Machine	4	5
Mannequin	4	7
Flag	4	3
WINE COOLER	4	6
Sink	4	7
Rack - Small	4	3
basketball goal	4	22
headboard / Footboard	4	5
Nothing going	4	0
Blinds	4	5
wine cooler	4	16
bed futon	4	30
NOTHING GOING FROM THIS AREA	4	100
Sleeping bag	4	2
Sofa Sleeper	4	50
Skies	4	5
Toy box	4	5
Wood- figure weight	4	7
drums	4	5
.DRIVER - RURAL AREA	4	0
.IMPORTANT NOTE 3	4	0
Bed -- Box Spring	4	10
Mower - Riding (NO GAS)	4	50
Roll Away Tool Chest	4	75
Bball hoop	4	23
Mop bucket	4	4
Cart Kitchen	4	7
Table Saw Lg	4	35
Yard Statue	4	10
Bicycle, Child's	4	2
Snack Tables	4	6
Tote Empty	4	2
Desk Chair - Leather	4	10
Drum Kit	4	11
Storage Cabinet	4	10
Kegorator	4	15
hutch bottom	4	20
BEAN BAG	4	6
dry rack	4	1
Engine Hoist	4	26
Jack Stand	4	2
Kennel	4	5
Lawn Edger/ Weed Wacker	4	5
Metal Stand	4	12
Cedar Chest	4	11
Bed - Frame Only	4	10
Bed- Headboard, Footboard	4	10
Safe -- Small	4	13
PBO - 8.0 (DISHPACK)	4	8
Pot - Clay (Large)	4	8
Washer - Cust to Service	4	25
AIR CONDITIONER	4	10
PUNCH BAG	4	8
TV Tray Set	4	5
car jack	4	8
bird cage	4	11
Oxygen Tank	4	4
Face Mask	4	4
rug small	4	3
.CUL DE SAC - OPEN	4	0
PBO - Computer Printer	4	2
Cat Stand - Large	4	10
Masonite	4	5
Ladders 3'	4	5
Clothing Racks	4	5
.MARBLE TOP(S) CRATED	4	0
Ship	4	5
cushions	4	2
grinder	4	20
Nothing else going in this room	4	0
Table-end	4	5
Garden tools	4	8
Pack N Play	4	8
Cabinet - Wood (Small)	4	4
Table - Wood (Small)	4	2
Outdoor - Child Slide	4	8
desk child's	4	8
tools hand	4	3
Saw horses	4	5
air hockey table	4	25
stone statue	4	10
Universal Gym	4	40
equipment	4	10
Bed, Frame	4	10
Table, Patio	4	10
mats exercise	4	4
.CUST 2 SERVICE - DRYER	4	0
.DRIVER - STREET IS NARROW	4	0
.EXERCISE EQUIP - ELLIPTICAL	4	0
Workbench - Large	4	25
Audio Cab	4	12
Sweater Chest	4	5
reindeer	4	1
FOOT LOCKER	4	8
VANITY STOOL	4	3
SHEPARD HOOK	4	1
WIRE BENCH	4	20
Garden- Hand Tools	4	1
Shelves-Plastic	4	5
Bicycle - Rack	4	2
patio chair	4	3
Cabinet small	4	7
JACK	4	7
Vacuum - Carpet Cleaner	4	3
Fish Tank Stand	4	10
Tredmill	4	36
Antique Table	4	5
Dress Form	4	5
Chair - Wooden	4	3
shelf decorative	4	8
PBO - 6.0 (X-LGE)	4	7
Plastic Totes	4	5
SHOE HOLDER	4	5
chainsaw	4	5
Cement Table	4	20
Desk - Youth	4	10
Tote - 3 Drawer	4	3
Chair - Aluminum/Plastic	4	1
Weed Trimmer	4	3
Car Bench Seat	4	10
pool	4	6
Wine Rack - Floor	4	5
Curtains - Drapes - Window Coverings	4	2
CLOTHES RACK	4	2
TRUNK	4	8
WASHING MACHINE-top load	4	25
Chair medal	4	3
Table.sm	4	3
Chair Matt	4	2
Metal	4	5
TV Stand - Small	4	7
Crate - Small, Plastic	4	2
Yard Art - Small	4	2
SWING-A-MATIC	4	2
Rubbermaid Shed	4	12
AA Crate	4	0
Golf Pull Cart	4	3
Shelf Wall	4	3
Childs wagon	4	10
Wood Kitchen Play Set For Kids	4	5
Gun / Rifle	4	2
Gun safe	4	79
Basonette	4	12
jewelry cab	4	12
Marble Top	4	13
Pak n Play	4	10
Schredder	4	3
Nothing	4	0
 Bicycle - Rack	4	5
Bankers Box	4	4
Wall Cabinet	4	8
foot locker	4	10
table top	4	6
Games	4	3
Plastic Shelves	4	3
Miscellaneous Item	4	60
Vas	4	8
tools-hand	4	1
Lateral cabinet	4	25
Skateboard	4	2
Bird bath	4	5
Shelves - Wood (Small)	4	3
Golf Caddy	4	3
Tool Chest - Medium	4	28
Dryer - Electric - 3rd Party	4	25
Already Packed Large	4	4
trimmer	4	2
Chair, Wicker	4	3
Desk - Childs	4	5
WEEDEATER	4	2
YARD TOOLS	4	3
CUBBIE HOLES	4	9
Desk/Small	4	22
Tools/Hand	4	2
Gear Bag	4	4
Car Ramp	4	6
Deck Box - Large	4	8
light fixture	4	6
Chair, Metal	4	3
Tv Trays	4	2
Weed Wacker	4	3
Mirror/Large	4	8
Shoe/Rack	4	2
.ORIGIN CARRY > 100'	4	0
Soccer Net	4	5
Tree	4	12
Metal Cabinet	4	19
PLASTIC DRAWERS	4	3
Dorm Refrigerator	4	12
Plastic Shelf LG	4	5
BBQ Grill - XLG	4	20
.ORIGIN CARRY - RIGHT AROUND 100'	4	0
.LOT NOT GOING - INVENTORY BELOW REFLECTS ITEMS MOVER ASKED TO MOVE. REST OF HOME NOT GOING	4	0
NOTHING GOING	4	0
Bench Seat	4	4
Wood Pieces	4	4
Inversion Table	4	12
WARDROBE NOT MOVING	4	0
Bicycle - Child's	4	2
nothing else in this room	4	0
Tool box	4	2
Strollers	4	4
.FLAT SCREEN NEW TV CARTON	4	0
table-folding	4	3
Pole Lamp Carton	4	10
Toys - Assorted	4	5
Tote 5	4	5
Dresser - Bureau	4	27
CHAIR FOLDING	4	1
shelves plastic small	4	5
nothing more going	4	0
Piano-Upright	3	70
Bicycle_Kids	3	3
Computer Monitor	3	5
TELESCOPE	3	5
Cabinet - Jelly	3	19
Smowboard	3	3
Umbrella- Stand	3	5
MISC HHGS	3	13
BIRDCAGE	3	10
LCD TV-52 inch	3	15
dolly 2wheel	3	10
SPINNING WHEEL	3	5
Water Fountain	3	21
Table - Sm Outdoor	3	3
FOOTLOCKER	3	6
Mirror - Dresser	3	4
Table-Changing	3	8
Horse	3	6
Baby carrier	3	1
WEIGHT	3	14
TRAMPOLINE	3	20
Table-Massage	3	13
Bed-Youth	3	10
Trailer	3	44
Lounge Chair	3	15
Pool Float	3	5
Dryer Electric	3	25
Washer Top Load	3	25
Lawn Edger/Trimmer/Weed Eater	3	5
Computer - Printer	3	2
kiln	3	16
Plastic bin	3	3
Shelves - Wooden	3	10
Baby Swing	3	3
punch bag	3	10
Planter-Small	3	2
Skiis	3	3
Memory Foam mattresses - how many, which rooms?	3	0
Nothing else goes	3	0
BAR STOOL	3	7
Washer - Front Load - 3rd Party	3	25
Bench - Leather	3	6
Artificial Plant	3	3
Piano - Baby Grand	3	70
Stepper	3	6
Stove	3	11
Drum  Set	3	20
Garment rack	3	5
Organ	3	45
Mirror Framed	3	15
Harp	3	15
Hamm	3	8
cage	3	2
Lawn Cart	3	17
Basketball Goal-Portable	3	20
WOOD BOXES	3	3
DOOR	3	7
EDGER	3	2
artwork	3	8
Stacking Chairs	3	4
Wardrobe Rack	3	3
Fishing Equipment	3	5
Refridgerator with Ice Maker	3	60
CHADELIER	3	10
Punch bag	3	8
Vacuum Sweeper	3	2
TV LCD PBO	3	7
PLANT	3	8
Vacume packed bags	3	5
Chop Saw	3	7
Power Tool Med	3	12
Table Wicker	3	4
Foosball	3	25
Woodstove	3	35
Table - Console	3	9
Camp Items	3	3
Cooler / Ice Chest	3	1
Shelf Unit - Plastic	3	3
China cabinet	3	40
Lawn Ornament	3	9
Toychest	3	10
ramps	3	6
Microwave Cabinet	3	10
baby gates	3	1
treadmill	3	23
Chair, High	3	4
PBOA books	3	4
Bookshelf - Folding	3	3
Sleeping Bag	3	2
Foosball Table	3	17
Chair - Padded	3	9
Paint Sprayer	3	4
boards	3	10
Metal Chairs	3	3
Easel - Child	3	2
Chaise Lounge - Yard	3	3
Lg Mirror	3	12
Table -Extension Leaf	3	2
Table - Drafting	3	33
Bicycle Child's	3	4
Dog Crate / Kennel	3	7
Chair - recliner	3	27
Suitcase - Empty	3	2
Mirror - Dressing Mirror on a Stand	3	8
Exercise Equipment - Elliptical	3	25
Utility Trailer	3	66
Display c.ase	3	8
Stereo	3	3
hockey bag	3	6
sleeping bags	3	10
mirror large	3	7
tools mic yard	3	2
Misc HHG - Basement Item	3	1
Stand - Plant	3	2
Luggage Set - Empty	3	5
Hall Tree - Large	3	10
Generator - (NO GAS)	3	45
Cabinet - Curio	3	12
LCD T.V.	3	10
Lamp - Floor/Pole	3	2
bike stand	3	10
Bicycle - Kids	3	3
Table - Folding Small	3	4
misc items	3	121
Heater Tower	3	28
Bow	3	2
Chair Wood	3	5
Urn	3	3
Christmas tree small	3	4
Bed - King  (Memory Foam)	3	80
love sac	3	15
TV - Tray	3	1
Car jack	3	17
Additional weight	3	70
Book shelf	3	5
Bar stools	3	4
barrel	3	5
Desk-small	3	15
pot	3	4
Cabinet Large	3	23
DOG CAGE	3	2
Partitian	3	7
Garage Sale Pile	3	25
Sofa - Recliner	3	45
x mass tree	3	20
small stand	3	3
Compressor Large	3	35
Toaster Oven	3	2
Wall Clock	3	3
Room screen	3	3
Patio Heater	3	13
Cargo Carrier	3	18
HAND GUN	3	0
bicycle trainers	3	3
headboard/footboard	3	11
jewelry box	3	5
CAGE	3	5
Weight bar	3	7
Sentry Safe	3	8
Kitchen Trash Can	3	3
Mirror Door	3	1
Stand Small	3	1
Carton - Med PBO	3	3
Washing Machine - Front Load	3	25
Towel Rack	3	1
Chair - Lounge	3	8
Doll House Small	3	3
Fishing Poles	3	2
Rubber Mat	3	5
Art Stand	3	3
COMPRESSOR	3	11
Stroller -- Jogging	3	10
Lawn Tools	3	2
Chairs- Metal	3	5
Table-Sofa	3	10
Car Part	3	8
Chair - folding	3	2
Weights (50#)	3	8
Clothes Rack - Large	3	5
GUN SAFE	3	30
Duffle bag	3	6
Desk top	3	10
SAND BOX	3	3
Skim Board	3	3
Washing Machine-Front Load Samsung	3	30
.MOVER TO DISASSEMBLE:	3	0
.IMPORTANT NOTE 4	3	0
.LOT NOT GOING	3	0
Dog house	3	8
EMPTY SPACE	3	0
Wall Art	3	3
Sofa - Chaise Lounge	3	25
Chair - Beach	3	1
dress form	3	6
B-Ball Hoop	3	30
coolers	3	3
Tank	3	9
.PLANTS NOT SHIPPED BY MOVER	3	0
.UNPACK - MATTRESSES ONLY	3	0
sideboard	3	28
Table - Wicker	3	2
wheel	3	5
Shop Saw	3	20
Xmas Ornaments	3	5
Duffel bag	3	6
wheeler chair	3	10
Weight Machine	3	20
Stereo Cabinet	3	11
Gate - Baby / Pet	3	1
Kayak <14'	3	5
air bed	3	3
garbage cans	3	3
swing love seat	3	60
Dog Agility Equipment	3	10
Instant shade	3	9
Matt Rubber	3	2
Pool Rack Stand	3	5
Silk Tree	3	7
Xmas Ornament	3	3
Bass Box	3	4
Scooter Toy	3	2
Self Industrial	3	20
Swingset Wood	3	133
Table Sm Outdoor	3	3
GLASS PIECES	3	3
MEDIUM-PLASTIC TOTES	3	5
Snow board	3	8
Cello	3	8
Safe, Small	3	8
totes	3	4
.CUST 2 SERVICE - WASHER	3	0
blower	3	2
Fishing Pole /Gear	3	1
Refrigerator - Cust to Service	3	30
baby swing	3	5
child's car	3	8
loom	3	20
weicker shelf	3	1
fire hydrant	3	6
hose	3	2
Washing Machine - Top Load	3	25
Misc Cube	3	5
Jeep Soft Top	3	15
Trailer Deck	3	10
Yard Cart	3	5
DINGHY 14' & OVER	3	15
Hamock Stand	3	10
patio table	3	10
.EXERCISE EQUIP - TREADMILL	3	0
bike parts	3	1
Wicker Trunk	3	8
Chaise, light	3	4
Chair Lift	3	3
Pack n Play	3	3
Bin - Large	3	15
Podium	3	6
Outdoor Small Table	3	3
Chair - Sun	3	1
shop vacuum	3	5
tripod	3	5
clothes racks	3	5
.BASEMENT ~ MANY LARGE ITEMS	3	0
.BULKY - MOTORCYCLE	3	0
Motorcycle (Large) (NO GAS)	3	83
Tool Chest - Medium (Full)	3	75
Toy Car/Jeep	3	5
Loom	3	93
TABLE-SMALL	3	2
TABLE	3	8
Eisel	3	2
Child's Car	3	5
massage table	3	13
Antique Refrigertor	3	10
Christmas Tree - Large	3	20
Freezer - Large (Empty)	3	30
Chest - Jewelry	3	6
Plastic Bin - Medium	3	3
Glass Top - Small	3	5
Mirror - attached	3	8
Shoe shelving	3	5
Cabinets	3	15
Chaise Lounge - Overstuffed	3	25
Bamboo Chair	3	3
Rubbermaid Chest	3	10
Dividers	3	10
PLASTIC SHELF	3	2
TRASH CAN-small	3	3
Tree Stand	3	5
Chair - Game	3	6
Punching/Speed Bag	3	5
Stuffed Animal	3	5
Bed - Box Spring	3	5
wine refrigerator	3	20
Chair-Wood	3	5
Easil	3	3
Sofa - Hide/Recliner	3	50
Desk-Childs	3	5
X-Mas Tree - Large	3	10
Util - Pedestal - Washer/Dryer	3	6
Util - Wash Machine - Front Load	3	25
Rattan Wicker - Table	3	3
Stone Sign	3	35
Piano - Spinet	3	52
Flooring	3	5
Plastic Tubes	3	3
Cabinet Drysink	3	10
Tub 5.0	3	5
bag	3	9
Plastic Chair	3	1
Refrigerator - College	3	7
Chair - Beech	3	2
Roto Tiller	3	13
Table Folding Large	3	10
boggy boards	3	2
crib parts	3	5
oars	3	1
Table-Butcher Block	3	20
Aluminum Chair	3	1
Saw Horse5	3	5
Play Structure	3	100
framed photos	3	3
Bistro	3	5
Heater - Small - electric	3	2
Outdoor Furniture Cushions	3	2
Washing machine frt load	3	40
Shed Plastic	3	4
computers	3	5
Shelves - Shoes Metal	3	2
Guerilla Rack	3	16
play pen	3	6
Bin	3	4
Art Easel - Child	3	3
Wagon - Child	3	7
3 Panel Screen	3	5
fishing poles bundle	3	5
Washer, Front load	3	25
PBO MIRROR CARTONS	3	4
Dog House Plastic Medium	3	7
Table Small	3	1
monitor	3	4
Piano, Electric	3	18
Rubbermaid Rack	3	5
Hose reel	3	5
TABLE FOLDING	3	2
FOLDING CHAIR	3	1
FISH TANK	3	5
Dog Cage / Kennel	3	5
Riding Mower	3	40
Outdoor Decorations	3	5
Tool Caddy	3	5
Mirror LG	3	6
Art Items	3	4
Already Packed Box	3	1
No Items in this Room Going	3	0
Chair, Recliner	3	16
BABY GATE	3	1
TABLE-SOFA	3	7
Head Board & Foot Board	3	20
.ITEM NOTE	3	0
footboard	3	5
Desk - Section / Sidebar	3	16
bench, boudoir	3	9
Chair, Plastic	3	2
Subwoofer	3	7
BBall Hoop Portable	3	31
Cage bird	3	4
Lantern	3	6
Corn hole boards	3	3
Shelve - Shoe	3	5
.ORIGIN - DRIVEWAY - NO DRIVEWAY	3	0
WARDROBE	3	8
Tote empty	3	1
Plastic Cabinet with Drawers	3	5
BOW	3	6
Desk/Office	3	33
Wash Stand	3	13
Tote Medium	3	5
Storage Box	3	10
Shoe box	3	12
Mops/Brooms	3	2
rack - misc.	3	15
Christmas decorations	3	3
table - glass top	3	10
Misc Item LG	3	22
Air Hockey	3	9
Stack Chairs	3	5
Ladder Small	3	3
Power Tool - Lawn Small	3	1
Exercise Home Gym	3	38
Plastic Shelf Small	3	2
Cooler Small	3	3
Wood Art	3	10
pin ball machine	3	40
Sporting/Goods	3	2
CRADLE	3	6
Child Bike	3	5
Plastic Chest	3	5
card table	3	4
Porch Table LG	3	20
Easel - Child's	3	1
Bar Stool - Small	3	3
Chair Straight	3	5
patio furniture set	3	20
cat comdo	3	4
Chair-folding	3	2
.CRATES - 3RD PARTY	3	0
Drying rack	3	1
Wine Rack - Small	3	2
clothes hanger	3	3
LED	3	8
Tote- Medium Plastic	3	5
Rack Med	3	5
LCD/plasma tv	3	10
totes medium	3	4
HEAD BOARD/FOOT BOARD	3	15
Microwave	3	4
Baby Accessories	3	18
Mirror Carton Large	3	5
Hobby Horse	3	2
RUG SCATTER	3	2
garden decoration	3	5
Bicycle - Childs	3	3
PBO - 3 Drawer Storage Cart (Medium)	3	5
Bench-Weight	2	10
Saw-Mider	2	20
Table-Saw	2	10
Sheer Brake Machine	2	150
Welding table	2	150
Garden Seeder	2	5
TV- Flat	2	10
Empty	2	5
Refrigerator - Wine	2	40
Aquarium Lg	2	30
Cabinet - Plastic Storage	2	8
Cart - Micro	2	7
Stereo Rack	2	15
TV Normal	2	7
Ornament Metal	2	7
Shelf Wood	2	5
Kegerator	2	50
Fireplace-Portable	2	30
Polygraphs	2	50
ATV UNIT	2	40
FISHING EQUIPMENT	2	5
ROTOTILLERS	2	15
Chipper	2	30
Vending Machine	2	35
Serving Table	2	30
Wire Rolls	2	10
Grandmother Clock	2	17
workmate	2	5
Table Top	2	6
CANOPY,SMALL	2	4
Washer/Dryer- Stackable	2	50
VALET	2	3
Easle - Kids	2	3
Easle - Lg	2	5
CHAIR,FOLDING	2	1
Bag of Clothing	2	2
Laptop Computer	2	1
Slot Machine	2	22
Umbrella Holder	2	3
matt	2	20
1.5	2	0
PLANT STAND SMALL	2	1
Auto Jack Large Metal	2	10
Easy Up	2	6
Weight Punching Bag	2	8
Cat Carrier	2	3
Skis, pair	2	3
TV Medium	2	15
Clothes rack	2	8
X-mas tree	2	10
popcorn machine	2	17
table - pub	2	10
bicycle	2	5
washing machine (front load)	2	30
Desk - Medium	2	10
Office Chair Mat	2	3
Cabinet - Video / TV	2	10
Stereo - Component	2	2
Bed - Head Board	2	10
Baby gate	2	2
Table - Nesting	2	4
Trash Can - Large	2	7
Luggage - Large	2	3
Desk - Rolltop	2	42
Arch	2	20
Air pump	2	7
PLASTIC BABY EQUIPMENT	2	2
Water barrel	2	4
.ATTIC NONE	2	0
.BASEMENT NONE	2	0
.DESTINATION - APARTMENT	2	0
Lamp - Table	2	2
 Hamic	2	10
Side table	2	10
bed, headboard,lg	2	10
steam cleaner	2	10
bike box	2	10
desk with Return	2	40
.ATTIC - NOTHING GOES	2	0
Pack - n - Play	2	3
Dryer - 3rd Party (F.L.)	2	25
W/D Pedistal	2	5
Kids Car	2	10
LCD TV- 60 inch	2	15
dollhouse	2	11
Christmas tree in box	2	4
Footlocker, Large	2	8
chair, recliner	2	16
Table,sofa	2	10
lawn edger/trimmer	2	3
display cases/sports memorabilia	2	17
outdoor metal chair	2	5
LCD TV-26inch	2	10
Curtain Rods	2	3
Plastic Bin Small	2	2
Plastic Plant	2	5
froze ball table	2	10
fire place	2	15
iMac	2	5
AUTO PARTS	2	8
ENGINE PULLER	2	20
Electric Piano	2	20
trundle bed	2	60
Litter Box	2	2
trays	2	5
G-CLOCK	2	13
Sauna	2	47
Pedistal	2	6
Desk, Small	2	16
bean bag chair	2	7
Bird Bath - Concrete	2	12
Blower	2	5
Jack small	2	5
Folding Screen	2	10
Tray Tables	2	5
Lumber	2	10
large plastic storage container	2	10
Car top carrier	2	9
JET SKI 14' & OVER	2	100
Light Fixture	2	4
Baby Item	2	2
wire rack	2	2
Air Compressor, Lg	2	25
Bike Stroller	2	3
Chair Wicker Lg	2	5
Desk School	2	4
Wood Rack	2	5
Sub woofer	2	9
Cart Metal	2	5
Dolly 2 Wheeler	2	4
piano electric	2	12
sound bar	2	1
METAL LOCKERS	2	9
File--2 Drawer Lateral File	2	25
Chest 2 drawer	2	10
Wheels	2	1
.EXERCISE EQUIP - OTHER	2	0
.FLAT SCREEN ORIG BOX PBO	2	0
Stand - Music	2	3
bed bench	2	10
Beanbag Chair	2	3
ARTWORK	2	12
BINS	2	7
pboa 3.0	2	3
Table - Desk	2	10
bicycle carriage	2	5
jewelry chest	2	5
Light	2	3
Log Splitter	2	32
car top carrier	2	11
Projection Screen	2	10
tramlione	2	10
Bassinette	2	10
Playhouse-Plastic	2	10
sawhorse	2	3
Rug Shampooer	2	4
wicker	2	6
Dryer - Gas - 3rd Party	2	25
Box Dollie	2	5
Tote, Empty	2	2
candle stand	2	1
Bed Trundle	2	30
Desk -Office	2	65
TV -Stand	2	10
Bird Bath (cement)	2	15
Chair,Plastic	2	1
Hose Reel	2	4
wood pieces	2	4
Bakers Rack - Wire	2	10
Shelves- Plastic	2	5
Washer/Dryer	2	50
Table - Folding.	2	5
Return	2	15
gun	2	2
No Items Moving	2	0
Cabinet Plastic	2	4
Rocking horse	2	2
Bicycle childs	2	3
Clock - mantel	2	2
Tent - small	2	7
go cart	2	35
Lawn tool	2	2
.ORIGIN - FLIGHT (INTERIOR)	2	0
beanbag	2	5
Pedastals	2	10
Step	2	1
Bench - Outdoor	2	11
Christmas Tree - Small	2	10
Shelves - Shoes Wood	2	2
Weber	2	2
plastic stand	2	5
Cat scratch	2	7
TV - Normal	2	7
Desk Sm	2	5
Yard Trailer	2	10
Cages	2	5
Camper shell	2	20
Basinet	2	4
tray table set	2	5
food	2	7
wood box	2	6
Shreder	2	3
Stroller -- Umbrella	2	3
TV - Old CRT	2	15
wreath	2	2
scale	2	7
pappason chair	2	10
BIKE RACK	2	10
Oven - Not Going	2	0
Jewelry box	2	7
Sto. Tubs	2	5
skiis	2	5
Patio Furniture	2	12
Office Desk Chair	2	5
Dresser - Wardrobe	2	30
Magazine Stand	2	5
Vanity Stool	2	5
AA special information	2	0
statuary	2	21
TV, LCD	2	10
Pallet	2	6
Fire pit	2	10
Washer Front Load	2	24
sub woofer	2	6
dog food containers	2	5
Mattress - Queen	2	20
Carton - Large PBO	2	4
Misc - Small	2	4
Carton - Small PBO	2	1
child's school desk	2	2
Tote - SMALL	2	2
Wicker Dresser	2	25
Wicker Table	2	7
Fire Place	2	17
Board	2	8
Manger	2	1
Sleds	2	1
Toy Bin	2	3
Plastic Chairs	2	2
dorm refrigerator	2	10
Trolling Motor	2	11
plastic bins	2	5
Toaster oven	2	2
Tote - Flat	2	2
Mirror, Floor	2	12
Sub Woofer	2	2
RAMPS	2	4
Hall Tree	2	22
Mattress - Twin	2	6
Water Softener	2	16
Chopsaw	2	7
Air compressor	2	10
spreader	2	1
Toolbox (hand)	2	5
Shelves Wood	2	5
Hose Wheel	2	5
Washing Machine-Front Load Whirlpool	2	30
Dryer - Cust to Service	2	25
tv trays	2	2
Xmas Decorations	2	7
Drafting table	2	8
LATERAL FILE	2	10
SWING/ PATIO	2	15
monitors	2	5
wine cabinet	2	22
Cornhole Game	2	7
Go Cart	2	36
Gun Case	2	5
Computer Tower	2	6
BOOKCASE 50	2	7
BUFFET 120	2	17
CHAIR 40	2	5
FILE CABINET 150	2	21
Basket- Laundry	2	1
.Carry @ Loading < 100'	2	0
.Driveway @ Loading - Inclined	2	0
.Flooring - Carpets	2	0
.Flooring - Tiles	2	0
.Furniture - Upholstery	2	0
.Important Item 1:	2	0
.Lot Not Going.  The Inventory Reflects Only The Items Shown as Going	2	0
.MOVER TO REASSEMBLE:	2	0
.Van Accessible @ Loading	2	0
.ORIGIN - DRIVEWAY UNPAVED	2	0
.ORIGIN - SHUTTLE EXPLAINED	2	0
trundle	2	5
dog gate	2	2
desk-smaller	2	15
Wicker Item	2	4
bed frames	2	10
Electric Wheelchair	2	20
bucket	2	5
cabinet wood	2	15
Fire Ring	2	3
bomb shelter	2	50
welder	2	10
Bowflex	2	42
Artificial Xmas Tree	2	30
Chest -Small	2	10
Bed -Frame	2	3
Computer & Video	2	5
Desk-Small	2	12
Gas cans	2	1
dolly carts	2	15
empty totes or boxes	2	5
fabric	2	5
sink	2	5
gym	2	10
propeller	2	5
kitchen island	2	10
Crates by Third Party	2	0
Ezel	2	2
Hutch bottom	2	30
Misc items	2	5
Shelf, plastic	2	3
Filing cabinet	2	20
Highboy	2	30
Bench, outdoor	2	10
Christmas Tree - Small (PBO)	2	10
Shelves - Shoes (Wood)	2	3
Notes - No items in this room going	2	0
Plastic shelving unit	2	5
Rug, 6' x 9'	2	7
Table, Banquet, 6'	2	6
Hose on cart	2	7
Ice Cooler	2	5
Mitre Saw	2	6
Wagon,garden	2	10
Mirror, large	2	10
Basketball Hoop, Portable	2	15
Swimming Pool	2	50
Sporting Goods	2	10
Swing Set - Cust to Disass (Metal)	2	25
sculpture	2	25
Boxes	2	5
aquarium crated	2	20
Pool Light	2	10
Self Wood	2	5
Table Kitchen Sm	2	10
Rack, Drying	2	2
Aquarium STD, Wood	2	20
Kiddie Pool	2	3
Self Sm	2	2
Violin	2	2
Chair, Patio	2	5
Swing, Porch	2	10
.FURNITURE - CURVED GLASS CABINET	2	0
Bed- Tempurpedic- king mattress	2	26
Xmas decorations	2	1
Work Table	2	15
Filing Cabinet-3 drawer	2	20
press	2	1
jungle Jim	2	100
Stone	2	15
Suitcase/Bags	2	3
Shelves plastic	2	5
SIDEBOARD	2	22
MISC CUBE 20	2	20
Crated chandelier	2	20
Table, kitchen	2	10
Sofa table	2	15
Small Whicker Trunks.	2	3
night stand	2	3
DESK SMALL	2	10
nothing ships	2	1
Safe - Large	2	59
Pack & Play	2	3
Hose Caddy	2	6
Piano, Electronic	2	20
Garden Tools and  Items for Yard Maintance	2	5
arch	2	10
Table -Patio	2	20
DOG CRATE	2	3
Kayak	2	15
Cabinet-Small	2	10
Saw Hotses	2	2
Cement Mixer	2	15
Steel Tubing	2	12
Vice	2	7
Slate	2	5
closet shelves	2	3
Antique - Glass Front	2	5
Antique Secretary Desk	2	15
Antique Pie Cabinet	2	7
Window	2	2
Antique Mail Cabinet	2	25
Outdoor - Bench	2	8
Decorations	2	2
Hose Bin	2	4
golf caddy	2	8
Typewriter	2	1
.BULKY - GF/GM CLOCK	2	0
.CUST 2 REMOVE TV FROM WALL OR STAND	2	0
.CUST 2 SERVICE: OTHER	2	0
.DRESSER DRAWERS CAN STAY FULL (LIGHT WEIGHT ITEMS ONLY)	2	0
.EXERCISE EQUIPMENT IN BASEMENT	2	0
.FLAT SCREEN TV - ORIGINAL BOX - MOVER TO PACK	2	0
.FLOOR - PLAN  ( 2 Floors with basement)	2	0
.WINDOW TREATS - CUST 2 PREP	2	0
Clock - GF - Cust to Service	2	25
PBO -   3 Drawer Storage Cart (Medium)	2	5
PBO - TOTE (XLARGE)	2	7
Toy - Workbench	2	7
Vase -Decorative (Large)	2	3
Bicycle - Trailer	2	5
Compressor, Air - Medium	2	30
Mat - Rubber Fitness 24" x 24"  3/8"	2	1
Organizer - 3 Cube	2	3
Scooter - Razor	2	2
Yard Tool - Broom	2	1
Yard Tool - Edger	2	1
Yard Tool - Garden Hoe	2	1
Yard Tool - Leaf Blower	2	2
Yard Tool - Rake	2	1
Yard Tool - Shovel	2	1
Sofa - Sectional (2 Piece)	2	35
All Remaining Boxables Stay	2	0
All Remaining Furniture Stays	2	0
All Remaining HHG Stays	2	0
Swing Set - Small Customer to Disassemble	2	25
Misc HHG - Yard Item	2	8
Patio -  Table (Large)	2	10
Picnic Table - Child	2	2
Sandbox / Child Pool	2	3
Bench, large	2	20
DART BOARDS	2	2
MATTS RUBBER	2	2
tree	2	5
Tractor Trailer Accessible (Origin)	2	0
deck box	2	15
wind vane	2	2
Motorcycle Lift	2	50
Bow and Arrow	2	2
Plastic Play House	2	10
saddle	2	7
Box - Dish Pack Carton,  contents not going	2	0
Wagon - Kids	2	4
Saw - Chop	2	10
Shelving - Plastic	2	5
Rack - Wooden	2	3
Bench - Small Wood	2	6
Fishing Gear	2	3
Cabinet - Glass Front	2	10
nothing goes roommates room	2	0
Tools - misc large	2	9
Desk - small	2	7
Chairs Dining	2	5
Tent - Camping	2	5
Bed- Crib	2	10
Chair - Chaise Lounge	2	17
Table - Night Stand	2	10
Child's Playhouse	2	15
Table - Patio/Picnic	2	20
Can	2	2
Wicker Chest	2	4
Outdoor Decoration	2	3
Table - Outdoor Large	2	15
Tool Board	2	15
futon, full	2	35
Tchotchkes - Knick Nacks	2	0
AMPLIFiER	2	5
ROCKER	2	5
TOOL-misc	2	10
2Weel	2	3
PIANO,BABY GRAND	2	70
Coca Cola Refrigerator	2	45
Table utility	2	5
Lawn Mower Impliment	2	15
Wardrobes	2	10
cabinet sm	2	10
Med.Box	2	4
Adirondack chairs	2	10
Mop/broom	2	1
canoe under 14 ft	2	100
CHAIR	2	1
Misc. Cube	2	25
toy	2	1
Croquet Set	2	4
Bug Zapper	2	4
Hoosier	2	24
BED YOUTH	2	10
PLAY PEN	2	6
SKATE BOARDS	2	1
Pinball Machine	2	37
Chair Wicker	2	4
Keyboard & Stand	2	7
Garden Hose Sm	2	3
Tote  - Plastic Packed Sm	2	2
Dresser - Hutch	2	10
Pad	2	6
Air mattress	2	3
Seat	2	2
CREDENZA	2	27
Plastic tubs	2	3
BBQ Grill	2	15
Buffet top	2	25
Cabinet Medium	2	10
Cabinet-Hoosier	2	20
Chair - Bean Bag	2	2
Desk-school	2	10
table leaf	2	2
chair plastic	2	1
armoir large	2	40
Childs Small	2	2
Plastic toy	2	1
Victrola	2	17
Power washer	2	7
File Cabinet	2	10
T.V Trays	2	3
Planters	2	3
carpet cleaner	2	5
gazebo	2	15
lawn implement	2	10
tool small	2	5
yard art large	2	5
Yard art small	2	1
Panels	2	6
Small chest	2	12
Dog Carriers	2	6
Shreader	2	3
ART EASLE	2	1
Mirror Carton PBO	2	5
PBO DISHPACK	2	10
CERAMIC BENCH	2	20
eisle	2	5
wicker patio furniture	2	20
Microwave Cart	2	12
Tray	2	3
rug 6x9	2	8
backpack	2	4
book carton that doesn't go	2	7
car top	2	12
snowshoes	2	3
bar stools	2	2
case of wine-12 pack	2	7
Diaper Pail	2	3
Fence Section	2	5
Porch Swing	2	25
Hand truck	2	6
TRAVEL CAMPER TRAILER	2	87
HORSE TRAILER	2	100
chaise lounges	2	30
Fishing	2	3
CAR TOP CARRIER	2	9
SMOKER	2	7
Twin Mattress	2	10
Monitors	2	4
instrument,small	2	6
vase. floor large	2	3
Shelves - plastic	2	8
Wine cooler	2	15
School Desk	2	5
COMPUTER	2	5
CASE	2	3
DESK, SMALL	2	8
MOTOR CYCLE	2	87
CHAIR MATT	2	4
Auto - Battery Charger	2	5
Auto - Floor Jack	2	10
Saw Horses (Plastic)	2	3
Table - Folding (Small)	2	4
TV - Trays (Set)	2	3
Cabinet - Wood (Large)	2	15
Easel - Wood	2	2
Shelves - Wood (Wall)	2	2
Chaise Lounge - Patio (Metal)	2	10
Table - Patio (Metal - Small)	2	2
Partition	2	9
Edger - Lawn	2	3
curtain rod	2	2
Shelf, Small	2	5
Dryer w/ Pedistol	2	40
Washing Machine w/ Pedistol	2	35
AA Access	2	0
AA Load From street	2	0
AA Tv Unmount	2	0
AA 2 Story House	2	0
AA 2nd comment	2	0
WEED EATER	2	5
island	2	18
Mattress, Queen	2	25
Mattress, Twin	2	10
Riding, Mower	2	70
CORNHOLE	2	4
luggage	2	5
Bureau	2	15
Mattress/Boxspring	2	18
Dresser  -Mirror	2	10
Table - Side	2	10
Tote, Small	2	2
Curio	2	20
Office - Chair	2	10
Freezer - Not Going	2	0
Cabinet - Corner	2	20
fire pit	2	5
CD rack	2	2
Saw Horse - Plastic	2	1
OFFICE CHAIR	2	4
Trypod	2	5
water system	2	15
Step/Stool	2	3
CORK BOARD	2	2
AQUARIUM	2	7
glider	2	12
planter	2	6
tool	2	3
work bench	2	10
Table - Wood	2	3
Stair Carry	2	0
skis and poles	2	2
Back Pack/Frame	2	2
basketball hoop	2	15
Golf cart	2	60
Divider Screen	2	4
hand Tools	2	3
chairs - folding	2	5
Chalk Board	2	6
Compressor, Air - Large	2	20
Saw, Other	2	2
GF Clock - 3rd Party	2	25
Chest - Jewelry/Lingerie	2	10
Bench - Cement	2	10
Bird Bath - Cement	2	15
Clay Pot	2	5
cargo carrier	2	15
clothes drying rack	2	1
safe, small	2	4
Tools-Yard	2	10
Ornament	2	3
Bistro Set	2	15
Ladder -- Folding	2	4
Foosball Table Game	2	37
Shelves Open Wood or Plastic Small	2	4
Desk Part	2	12
play set	2	100
toy box	2	9
Power Tool - Hand Small	2	1
Rack LG	2	10
Sofa Chaise	2	27
Floor Jack Lg	2	9
Floor matt	2	1
Washer - Top Load	2	25
Adirondack Chair	2	10
Treadmill Folding	2	15
Folding Stool	2	1
Toolchest Small	2	2
.BULKY - OTHER	2	0
.YOUNG CHILDREN	2	0
Bench - Wrought Iron	2	10
Cartop Carrier	2	10
Chair - Overstuffed Leather	2	25
chair folding	2	1
Small Amp	2	7
Carpet cleaner	2	3
Computer & display	2	10
Bicycle Kids	2	2
Brooms & Mops	2	1
School Chair	2	5
Desk Small	2	10
cork board	2	5
Hand Tools	2	2
Hutch Small	2	20
Patio Blind	2	5
Table - Outdoor Small	2	3
Jogger	2	5
Bed, Queen	2	60
..VERY IMPORTANT NOTE	2	0
Mirror. large	2	5
dolly	2	6
Chair-Patio	2	5
Chair plastic	2	1
drying rack	2	5
Bar Stool - Large	2	5
Desk - computer	2	7
PBO 3.1	2	3
Hula Hoop	2	2
Wakeboard	2	4
power washer	2	11
patio set	2	25
Gorilla Rack	2	17
Chair. Metal	2	3
Bed Metal Frame	2	5
chair, plastic stacking	2	3
Cabinet - Curio/Utility	2	10
Miscellaneous, 5 Cube	2	5
Bookcase, Tall	2	10
Trash Can, Kitchen	2	5
Table - Coffee Small	2	5
Vacuum Cleaner/Rug Cleaner	2	5
Bookcase, Short	2	5
shelves	2	3
Cubby	2	18
Wake Board	2	5
.ORIGIN - CARRY	2	0
Long Guns	2	3
Cat toy	2	7
bed frame headboard only	2	10
box	2	1
yard Art	2	20
Sofa - Wicker - 3 Cushion	2	12
Shoe racks	2	2
Target	2	4
Backpack	2	4
Filing Cabinet - 3 Drawer	2	20
Four Wheel Dolly	2	5
Farm Implements	2	75
Tool Cabinet	2	40
Fireplace Mantle	2	22
Bike high value	2	6
fence	2	12
Chair - Rocking	2	5
Photos Available	2	0
Sofa - Ottoman	2	6
stereo components	2	3
Shoe Stand	2	2
Desk -Table	2	15
TV-PLASMA	2	15
PC--Personal Computer / CPU	2	6
cart-small	2	5
Cabinet - Kitchen LG	2	30
Refrigerator - Dorm	2	10
Cart --Rolling	2	4
X-Mas Tree - Small	2	5
Trellis	2	4
Bin, large	2	10
Hi-boy dresser	2	20
.Only Inventoried Items Go	2	0
.Packing-CP-Corrigan Will Pack Everything	2	0
wood stock	2	8
Barbell	2	6
Pool Cues	2	4
Wine Cabinet	2	25
flower pot	2	4
shovel	2	1
Guitars	2	2
Cube Med	2	3
Heater - Small	2	3
rollaway	2	100
.COLLECTIBLES / MEMORABILIA	2	0
Buffet-Base	2	30
Planter Small	2	2
No Boxes Moving	2	0
Nothing Moving	2	0
Nothing is Moving	2	0
Tote - Plastic Small	2	3
Yard Art	2	8
Boxspring	2	20
Paddleboard	2	10
Watercooler	2	0
Pie Safe	2	25
CHAIR-OFFICE	2	2
CHAIR-RECLINER	2	27
PBO 4.5 ctn	2	4
Rack-shoe	2	2
.APPLIANCES STAY (KITCHEN ONLY)	2	0
bike racks	2	5
PBO - TOTE (XL)	2	8
Mats/Runners	2	2
Metal Racks	2	15
PBO Mirror ctn	2	5
Cubes	2	5
fishing equipment	2	10
MAC PBO	2	6
Booster Seat	2	1
scanner	2	2
DOG BED	2	5
GARDEN HOSE	2	5
Rack - Cup	2	2
PLASTIC DRESSER...  LIGHT	2	5
TV - Flat 50 to 60	2	20
Duffell Bag	2	6
Desk - Hutch Top	2	6
Music Rack	2	5
Misc. Item 10	2	10
Misc. Item 5	2	5
Dog Fence	2	10
SHAMPOOER	1	5
Bakers Rack	1	40
MISC. BAG	1	4
Portal Table	1	15
LCD-TV	1	10
Cement Alligator	1	20
Electric Fireplace	1	10
beanbag chair	1	3
Movie Screen	1	5
Projector Screen	1	10
Playground	1	80
stereo rack	1	15
Misc furniture	1	20
Plainer	1	70
Steel Wheel	1	15
Horse Shoes	1	10
Steel Table	1	50
LARGE TRAILER. PRESSURE WASHER	1	300
CAGES	1	5
Bike Trainer	1	5
WHEELCHAIR	1	20
Keyboard-Seat	1	3
Grill - Large	1	20
Bar-Portable	1	30
SCALE	1	5
MOTORCYCLE TRAILER	1	100
RAMP	1	3
Deer	1	10
DRUM SET	1	10
Cement Boot	1	10
Toaster	1	5
Bed Rail	1	4
Halltree	1	10
air comprs.	1	30
GO CARTS	1	12
PBO Mirror Carton	1	3
SHOES	1	1
BOAT LT 14'	1	0
Table-Drafting	1	15
Table-Marble	1	50
Tennis Machine	1	10
Water Softner	1	20
Chair-Massage	1	30
Carousel Horse Stand	1	10
Winch	1	10
Gun Locker	1	15
Press	1	10
Dog Ramp	1	15
Baggage	1	4
Desk school	1	10
Foldin chair in bag	1	3
Milk crate	1	2
Light rack	1	5
Hair Dryer	1	5
Cabinet-Whicker	1	10
Patio Bench	1	10
PopCorn Machine	1	15
Corn Hole Game	1	5
amoire	1	20
cabinet - China (1 piece)	1	30
large wood framed mirror	1	20
green egg grill	1	15
wicker furniture	1	8
Bean bag chair	1	5
TV Tray - (4)	1	5
Totes - Under Bed	1	5
storage unit	1	60
Teeter Board	1	10
Skis in bag	1	7
Credenzas- Small	1	12
Water Hose	1	4
potters heel	1	12
Wooden Playset	1	40
Lawn Sweeper	1	4
Leaf Sweeper	1	5
Trailer (Garden)	1	15
Hammock & Frame	1	7
Weed-Eater-Edger	1	3
butcher block table	1	30
form	1	10
Carpet	1	5
Fishing pole	1	1
yard tools	1	1
boxing bag	1	20
work horses	1	4
4 wheeler	1	50
speakers - large	1	15
chair -office	1	7
Freezer Small	1	10
Grill Small	1	4
Miscelaneous Weight	1	15
outdoor swings	1	7
picnic bench	1	3
Coo Coo Clock	1	10
Gong	1	10
Vibes	1	20
trestle	1	2
Quilt rack	1	4
Tools, Garden	1	2
Shed	1	10
.GARAGE NONE	1	0
Scale - Small	1	2
Vase - LG	1	12
Sofa/Loveseat - Recliner	1	40
hi back benches	1	10
large server	1	15
Side table cube shape	1	10
washing machine customer to disconnect and reconnect	1	15
bed, rails	1	2
mirror standing	1	10
library table	1	20
.BULKY - PIANO (GRAND)	1	0
Artificial Tree	1	10
Bed (Bunk )	1	30
Clock-Grandfather-Fake	1	10
CONCRETE BENCH	1	30
squash board	1	3
doll cradle	1	3
exercise equipment, chin-up bar	1	1
wedding dress, boxed	1	2
weight stand	1	25
Ping Pong Table Top (fits over pool table)	1	15
hose reel cart/table	1	7
soccer/lacrosse goals	1	2
weed wackers	1	5
Garden hose	1	3
rug cleaner	1	5
outdoor metal chaise lounge	1	5
outdoor metal table....rectangular	1	10
Table- Outdoor	1	40
Speed Bag	1	5
Kat	1	5
Slot Machines	1	20
surfboard	1	6
SoftBox	1	10
Stroller- Jogger	1	10
Flower Box	1	16
Wine Already boxed	1	1
Washing Machine-Portable	1	20
liquor cabinet	1	7
subwoofer	1	13
Christmas items	1	20
pressure washer	1	5
Rug 9X7	1	15
Pot - Metal	1	5
MEDICAL EQUIPMENT	1	3
ANTIQUE FARM DECOR	1	30
Storage rubbermaid	1	7
Cart custom	1	4
GO CART	1	10
Baby Stroller	1	5
Guitar without case	1	2
Computer Keyboard	1	2
Milk jug	1	7
TEA CART	1	5
TOTES PLASTIC	1	5
ROCK	1	7
STONE POTS	1	5
Barbell Rack	1	15
Piano-Electric	1	20
vaccum	1	5
Close rack	1	1
back pack	1	3
Antique Murphy Bed	1	40
Bath Tub	1	50
Air Comp. Small	1	7
Surfboards	1	8
Workbench, small	1	15
Desk return	1	10
Swing set	1	20
Kennel, Small	1	2
Rack, Clothes	1	1
Cat Scratcher	1	5
Coat Rack, Small	1	3
Stuffed, Animal	1	4
Bed, Metal Frame	1	5
Wooden Box	1	8
Desk, Computer	1	18
Soccer goal	1	2
Crate Pic-Mirror-Glass	1	15
pump	1	5
Chair - Aluminium	1	5
Chimenia	1	5
Egg Green	1	10
Hoses	1	3
End table	1	5
ladder	1	3
Dog kennel	1	8
WOOD	1	5
Four Wheeler	1	70
Cabinet, Large	1	35
Table, small	1	3
Motorized Mobility Scooter	1	40
Table - Bistro	1	15
Elevator	1	0
Elevator Reservations Required	1	0
Parking Permits. How many feet?	1	0
LCD-TV 30 inch	1	10
Chair , Plastic	1	2
Misc Boxe	1	4
Wardrobe Box	1	10
Stained Glass	1	5
Tire & Rim	1	5
SNOW SHOES	1	1
TREE	1	20
TILLER	1	9
HIDEABED 2 CUSHION	1	30
BIRD BATH	1	9
drum kit	1	20
deco	1	12
Cornhole Board	1	4
Wood Table	1	30
Cat House	1	5
Cabinet Bath	1	5
Easle Lg	1	6
cabinet-large	1	30
headboard queen	1	5
Car motor	1	35
Engine stand with pulley	1	28
Vespa Scooter	1	30
Concrete Statue	1	5
Floor jack	1	15
Chest Wicker	1	4
bowflex	1	10
Refridge Wine Sm	1	8
Sportsbag	1	3
Rack Pot	1	3
Rack Cup	1	2
Dehumidifier, Sm	1	3
Chair High	1	5
Bench Yard	1	10
Play House Plastic	1	10
Dresser, Vanity	1	9
Wood shelf	1	3
Art Eisel	1	1
Yard decs	1	10
Wicker basket	1	1
Chair-patio	1	3
Storage bin	1	5
Desk--Dbl Pedestal	1	50
Air hockey table	1	20
Projector screen	1	10
motorcycle frame	1	20
windsurfer 12	1	10
car seat child	1	5
flat file cabinet	1	30
lath	1	30
pallets	1	8
lift	1	15
Piano - Baby Grand / Upright	1	70
Train table	1	20
kayak 7'	1	5
rifles	1	5
workbench small	1	5
high chair	1	5
Notes	1	0
alum chairs	1	1
motor cycle parts	1	20
small kennel cage	1	5
pboa 4.5	1	4
Wood Hobby	1	4
bumper	1	10
rototiler	1	20
Weight Scale	1	2
Wicker Items	1	5
Pet - Item	1	2
Rack - Drying	1	2
Washer/Dryer Stack	1	35
Clock-Standing	1	10
Speaker Stand	1	5
Engine lift	1	20
Engine Lift	1	40
Reebar	1	2
dumbell rack	1	10
xmas tree	1	10
coat tree	1	10
Cat Crate	1	3
Outdoor - Swing Set - Wood	1	30
car parts	1	30
bow	1	5
gas cans	1	1
Laydown Wardrobe	1	10
crates	1	2
ski's	1	1
wine refrig.	1	10
DUFFLE BAGS	1	5
Ship Captains Clock	1	15
.FURNITURE - WICKER	1	0
chair - folding	1	2
garden tools	1	7
shelves - small	1	5
tools - equipment	1	5
cabinet - wood	1	18
jeep top	1	20
air compressor	1	12
self storage unit	1	150
painting	1	8
Blanket rack	1	1
Plastic Rolling Carts	1	5
screen divider - three panel	1	3
headboard single bed	1	10
TV - 52" LCD/LED	1	22
bike	1	5
frame	1	15
stereo component	1	5
desk section	1	15
hb/fb/frame	1	20
locker	1	20
Brooms, etc.	1	2
Auto Jack	1	10
DOLL HOUSE	1	6
Equipment	1	50
lumber	1	2
four Wheeler	1	100
Boat Motor	1	10
Misc.15	1	15
Picture - Small	1	0
Misc.3	1	3
Mini Frig	1	10
Beach chair	1	1
Ladder - Magic	1	6
Video	1	2
Rock collection	1	1
child's stroller	1	10
cooler small	1	2
.BULKY - MOWER (RIDER)	1	0
Golf Cart - Pull	1	4
Shelving Unit - 4 Shelves Sheet Metal	1	4
Table - Corner	1	5
Fabric	1	5
Wine Barrel	1	10
Dryer - Gas	1	25
Platform	1	4
Pet Perch	1	3
Range - Electric	1	20
Beanbag	1	8
Boogie bd	1	2
Yard blower	1	3
Cooler - Large	1	5
SAILBOAT 14' & OVER	1	0
Table, Card	1	3
Rifles	1	2
Cabinet Utility	1	10
Rifle	1	2
Safe Gun	1	60
Sofa Wicker	1	10
Lawn Mower Attachment	1	12
Ornament Lg	1	5
Saw Horse(2)	1	2
Yard Statue Sm	1	3
Table base	1	15
Christmas Tree in Box	1	10
Gun cabinet	1	12
sofa section	1	40
desk top	1	10
Shepard's Hook	1	2
cotts	1	5
pots& burner	1	5
stations from salon	1	8
 cabinet	1	15
Wine Pack	1	5
Cat house	1	5
sports eq	1	4
basketball hoop and stand	1	50
Rain Barrel	1	4
Aquarium - 50 gallon	1	9
Sm Chest	1	3
Basketball gaol	1	15
train table	1	10
wall shelf	1	5
Desk-computer	1	20
chest  of drawers	1	30
COT	1	8
Ciminey	1	10
storage box	1	40
heavy bag	1	8
folding trays	1	1
Pet Tree	1	8
PacknPlay	1	5
wooden play gym	1	100
Drill	1	5
mini bike	1	20
gas grill	1	7
Fireplace Electric	1	12
Yard Tool bundle	1	3
Patio umbrella/ stand	1	7
Children's Equipment	1	5
Christmas Items	1	25
Large Wood Framed Mirror	1	10
Storage Cubes	1	10
BBQ Smoker Type	1	10
Green Egg BBQ	1	25
Large wood  Fort and Swingset	1	100
Patio Chair Lounger Style	1	5
Patio Sofa	1	10
Patio Storage Bin	1	10
Patio Table Small	1	5
Bundle Yard Tools	1	10
Plastic Ice Chest	1	5
Shop Vacuum	1	5
Storage Shelf	1	20
String Trimmer	1	5
Diaper Jennie	1	5
Yard Items	1	5
AA - Additional Information	1	0
AA - House Information	1	0
NOTHING ELSE GOING	1	0
sterilgard	1	100
Cart - Tea	1	5
Copier (NO TONER)	1	5
Metal Drawer Unit	1	8
Cabinet, China Top	1	30
Bookcase, Small	1	10
Train Table	1	15
Metal Tubs	1	1
Wood boards	1	10
Chair,Metal	1	3
Guitar / no case	1	2
Cubic Calculation	1	630
Artwork	1	12
Christmas	1	8
Bed - Captains twin with drawers	1	40
Dryer Gas	1	25
Gliding Bench	1	5
Shepard's Staff bird feeder	1	3
scooter-child's	1	1
RADIO	1	10
Childs electric car	1	9
Chair, plastic	1	3
Table, large	1	25
Counter island	1	20
Dryer - Cust to Service (F.L.)	1	25
Washer - Front Load - Cust to Service	1	25
bathroom mirror	1	2
basket ball goal	1	10
cube  drawers	1	2
MANIKIN	1	3
DOG HOUSE	1	8
W/D Base	1	6
mini fridge	1	5
PC Monitor	1	3
PC Tower- Large	1	6
Cargo Mate	1	10
Carton - Mirror/Picture PBO	1	5
Decor - Yard	1	3
Lawn - Weed Eater	1	5
Wood - Loose Bundle	1	20
Refrigerator - with Ice Maker	1	60
Ficus Tree	1	5
Kennel Small	1	5
Shelf - Shoe Rack	1	2
File Cabinet - Lateral	1	20
Mattress Twin	1	10
Soccer Goal	1	10
TV Trey Set	1	5
Dumbbells	1	50
Mics.	1	5
Small Stand	1	3
TV Tables and Stand	1	5
Utility Table	1	5
Computer Desk	1	7
Handicapp Walker	1	1
Side Table	1	10
DVD Stand	1	1
Jewelry Cabinet	1	10
Garden Decor	1	1
Wrought Iron Chairs	1	10
Full Length Mirror	1	5
Printer Stand	1	7
Wicker Drawers	1	4
Drawers	1	1
Car Cover	1	3
Scaffolding	1	10
Flower Pots	1	5
Tarp	1	3
Small 4 Wheeler	1	15
swing bench	1	15
HB / FT BD	1	7
Large Yard Art/ Pumpkins	1	3
Pail	1	3
China Cabinet Bookcase	1	30
Animal House	1	7
Basket Ball Goal	1	20
Corn hole	1	6
Lawn Chair	1	3
Car seat	1	3
outdoor swing	1	25
Bench Seats	1	10
Desk-Rolltop	1	50
movie screen	1	15
Water Bed	1	30
boat	1	7
Stadium seats	1	15
File box	1	6
Buffet Table	1	20
Cat condo	1	10
Spinning Wheel	1	5
TUB	1	1
CHINA CAB TOP	1	10
tree 7 ft	1	10
PBO -- large	1	5
Rollaway Tool Chest	1	60
jax	1	5
Dresser Vanity	1	20
Table - Massage	1	3
Drum - 55 Gallon	1	3
Breakfast Table Leaf	1	2
Vacuum- Shop	1	2
Garden Tool Rack	1	5
Bicycle Trailer	1	5
Bed, Platform	1	15
Mini Storage	1	600
Secretary	1	40
Computer printer stand	1	5
Swing - Porch	1	10
Christmas Decorations	1	10
Ladder - 12 Step	1	7
Standing mirror	1	2
Plastic drawers.	1	3
pl. car ramps	1	5
Fabric rolls	1	10
Motorcycle cover	1	10
Mat--floor	1	5
Dress form	1	5
Work bench	1	7
PLAY STRUCTURE	1	100
Basketball Hoops	1	8
Playhouse - wood	1	0
Child Wooden Furn Misc	1	5
Audio Visual Equipment on Rack	1	6
CPU units	1	6
Storage Unit	1	150
Table - Legs	1	10
Exercise - Pull up Bar	1	20
Work Bench	1	20
Credenza - 3 Drawer	1	15
Stereo Speaker	1	5
Chiminea - Metal	1	10
car	1	40
Rug Cleaning Machine	1	5
swing set	1	25
zBox - 1.5 - NOT GOING	1	1
Cat Scratching Post	1	3
Curtain	1	0
Curtain Rod	1	0
CARD TABLE 15	1	2
DRYER 140	1	20
IRONING BOARD 7	1	1
STROLLER 15	1	2
WASHER 200	1	28
DRESSER 130	1	18
DRESSER 166	1	23
ROCKING CHAIR 50	1	7
BAKER RACK 50	1	7
CHEST 105	1	15
DESK 25	1	3
CHAIR 50	1	7
DESK 50	1	7
DINING ROOM TABLE 150	1	21
BICYCLE 39	1	5
BLOWER 15	1	2
SHELVE 50	1	7
SHOP VAC 40	1	5
CHAIR 20	1	2
MICROWAVE 30	1	4
CHAIR 60	1	8
CONSOLE 130	1	18
END TABLE 20	1	2
END TABLE 40	1	5
Flat Screen 70	1	10
FLOOR LAMP 30	1	4
SOFA SECTIONAL 3PC 360	1	51
TV TRAY	1	4
CHEST CEDAR 50	1	7
CHEST 150	1	21
CHEST 90	1	12
DRESSER 100	1	14
NIGHT TABLE 35	1	5
BOOKCASE 125	1	17
BOOKCASE 30	1	4
DESK 150	1	21
DESK 80	1	11
OFFICE CHAIR 60	1	8
PATIO CHAIR 10	1	1
TREADMILL 156	1	22
EDGER 14	1	2
LAWN MOWER 105	1	15
Table-folding	1	2
Drill press	1	15
trimmer blower	1	5
Saw Horse- plastic	1	3
Bagged tree	1	6
Lounge - Patio	1	5
.All Major Appliances Stay	1	0
.Delivery - Apartment	1	0
.Origin is Ranch with Basement	1	0
concrete bench	1	30
Barricade	1	10
Road signs	1	2
bird exercise tree	1	4
car jacks /ramps	1	2
dog dishes	1	2
Bedding Bag	1	2
Power Tool - Benchtop	1	7
Camping Equip	1	5
5 gallon drums	1	5
Watch box / HV item	1	2
Mops Brooms Cleaning Tools	1	3
Planter - Empty	1	10
Rug - 6 x 9	1	10
Table - Sofa / Console	1	10
Survey Notes	1	0
TRACTOR/RIDING MOWER	1	70
bed top	1	5
sled	1	3
table - sofa	1	10
Bing Bag chair	1	5
inversion table	1	20
quad	1	35
PBO CTN	1	4
Stacked HHG	1	100
lateral paper files	1	20
patio table heavy	1	50
metal cabinet	1	30
tool board	1	2
tool rack	1	5
canoe	1	7
Small Chest	1	10
Ski Poles	1	1
radio	1	2
larger safe	1	45
panels	1	5
baskets	1	1
metal cabinets (locker)1	1	10
antique watch Bench	1	25
barn boards	1	2
clamps	1	10
pipes	1	1
railing	1	5
2 wheel chaise	1	30
blackboard	1	12
Grandfather	1	20
Lecturn	1	5
File Cabinet - 5 Drawer	1	25
PBO 1.5 ctn	1	1
ROW BOAT 14' & OVER	1	0
Mirror - encased	1	10
Wine frudge	1	5
Go cart	1	15
sports equipment	1	5
dry sink	1	20
bassinet the	1	10
PAINTING	1	3
STOOL	1	5
cat pole	1	3
outdoor tools	1	10
outdoor chairs	1	5
yarn holders	1	10
balance beam	1	5
balaphan	1	10
Chair- Rattan	1	5
deer target	1	8
Wine machine	1	25
MISC CUBE 25	1	25
Compost Ben	1	10
Plastic Ben	1	5
Bed Fold Away (single)	1	20
Christmas tree artificial	1	15
Tool cart	1	10
TOTES GARAGE	1	2
outside shredder	1	30
paddle boards	1	10
SLED ANTIQUE	1	4
massage chair	1	20
chipper	1	10
60" LED TV	1	15
Cat tower	1	7
Bike stand	1	7
Filebox	1	7
corn hole board	1	5
vacuum system	1	30
vanity bench	1	5
.CUST 2 REMOVE FLAT SCREEN FROM WALL	1	0
.FLAT SCREEN TV - ORIGINAL BOX PBO	1	0
RANGE	1	25
Washer/Dryer - Stack - 3rd Party	1	42
Bed - Boxspring	1	15
Twin mattress	1	10
candy machine	1	10
Bed Frame Only	1	5
Metal Storage Rack	1	10
China Cabinet or Buffet	1	25
Porch Bench	1	5
Factory Carton	1	5
File Cartons Packed by shipper	1	5
Shop Lights	1	5
TV Trays and Stand	1	3
Wood Burning Stove	1	10
Blanket Stand	1	5
Plastic Storage Shelf	1	5
Nothing To Transport	1	0
Plant Container	1	2
Plastic Stacking Chairs	1	2
TRUNDLE BED	1	5
ANTIQUE STOVE	1	72
slot machine	1	20
terminator	1	25
Blonde Side Cabinet	1	10
curtain rods	1	5
Dog Kennel Sm	1	4
Lawn Weed Trimmer	1	7
Skis (sets)	1	2
50 CC SCOOTER	1	29
silk plant	1	3
bicycle wheels	1	2
computer moniters	1	5
printers chest	1	10
display cabinets	1	10
chop saw	1	25
fencing	1	10
Wind Mill	1	12
GLASS TABLE	1	3
WEIGHT BENCH	1	7
WEIGHT RACK	1	15
backpacks	1	1
bandsaw	1	25
lathe	1	45
sander	1	30
Antique Cabinet	1	30
trac chair	1	30
bench for storage	1	20
food storage	1	5
map	1	2
Box - Book Carton, contents not going	1	0
Desk - Credenza	1	20
jointer	1	50
planer	1	30
Plastin Bin - Small	1	1
Fooseball Table	1	25
Rack - Bath	1	3
Side Board	1	25
Mops	1	1
Mirror - Large	1	10
Chest - Wicker	1	5
Outdoor - Deck Shed	1	15
Outdoor - Ornaments	1	10
Outdoor - Ottoman	1	3
Outdoor Chaise	1	8
Outdoor Patio Heater	1	10
Cabinet - bathroom	1	3
Child's Gate	1	2
Collapsable Portable Work Bench	1	8
Dog Corral	1	2
Shovel	1	1
Snow Skis	1	5
Hose - pressure	1	10
Table - patio	1	8
Drawers, plastic	1	3
buggy	1	1
Barbell weights - 100 lbs	1	15
Wine  - # of Bottles	1	0
Welcome Mat	1	1
Planter - Large	1	5
BIN-MEDIUM	1	12
BIN-SMALL	1	8
SKI'S	1	3
STEAMER	1	3
PILLAR	1	4
SHOE SHELF	1	8
Fountain, Sections	1	10
Buckets, Food	1	25
Lateral File Cabinet	1	30
.All Major Appliances in Kitchen Stay	1	0
.Delivery Is a Home	1	0
.Flooring - Hard Woods	1	0
.Origin is Two Story Home with Basement	1	0
.Owner 2 Dismantle Exercise Equipment	1	0
.Owner 2 Unhook Dryer	1	0
.Owner 2 Unhook Washer	1	0
Dryer - Electric - Cust to Service	1	25
Plant Stand Lg	1	5
Vase, Lg	1	5
Chin Up Bar	1	1
Elipticle Trainer	1	35
Clock Wall	1	5
Stereo PBO	1	2
Stereo Speaker Sm	1	5
Misc Furniture	1	10
Tool Chest Machanic	1	70
Cabinet Jewelry	1	10
Ceiling Fan	1	4
Desk, Exec	1	50
Rack Clothes	1	4
Tote Plastic Sm	1	2
Vacuum Bag Of Clothes	1	5
PBOs / Furniture stacked	1	180
File Boxes	1	3
Garbage Cans	1	2
METAL SCREEN	1	5
jeep hard top	1	25
AA crates see survey for dims	1	0
AA icemaker	1	0
AA Front Load washer	1	0
AA Front Load Dryer	1	0
Small Cabinet	1	5
Dryer Front Load	1	24
FIREPLACE PORTABLE	1	25
Dresser Chest	1	30
Chandelier - Large	1	15
Sofa - Rattan / Wicker	1	20
Dryer - 3rd Party (Gas)	1	25
Mirror large	1	10
Computer monitor	1	3
Trelis	1	3
Wine Packs	1	7
Corvette Engine on Stand	1	100
Corvette Metal Frame	1	400
wicker foot locker	1	6
statue, as-is	1	10
plastic shelve	1	10
easle	1	5
Wood Stove	1	30
Outdoor chair	1	5
Plastic chair	1	3
wine chiller	1	5
Foozeball table	1	15
Trays	1	5
Tri-Pod	1	7
Shelves-Cubes	1	5
Fire Arms	1	1
speakers	1	3
Bicycle rack	1	4
Wood box	1	3
Clock, wall	1	2
universal gym	1	100
roto tiller	1	10
Kennel - Large	1	4
Dog - Bed	1	2
White Boards	1	2
Heat Stream	1	10
Travertine	1	40
Steamer garment	1	4
Sauna DBO	1	50
Thule roof box	1	10
Broom / Mop	1	1
Mini Fridge	1	5
Stoller	1	5
Car Tote	1	10
Ctn - 4.5	1	4
CPU	1	5
Cabinet 2 Door	1	15
RIFLE/SHOT GUN	1	1
SHEDDER	1	2
Air hockey	1	30
Fire Box	1	5
Travel Case	1	5
Tressel	1	15
Sign	1	12
SPA: 65' & OVER	1	75
Roto	1	12
Stone Bird Bath	1	30
Aquariam	1	10
water softener	1	15
DESK ROLL TOP	1	15
ELECTRIC PIANO	1	10
FIRE PLACE FAKE	1	20
Hitch	1	85
Air Matress	1	4
Filing Cabinet - 3-Door	1	15
Vice - Large	1	20
desk computer	1	10
Chair Patio Metal	1	6
X NOTES	1	0
Water Feature	1	10
keyboard	1	20
Bath rack	1	6
Cheese making equip	1	5
Horsey	1	3
Shopsmith	1	45
stereo equipment	1	15
motorcycle large	1	100
baby gate	1	5
Art decor	1	5
Rubbermaid	1	5
Twin Mattreess	1	10
BAGS	1	3
BAND SAW	1	20
BAR	1	40
Pots	1	1
CABINETE	1	20
CHAIR, DESK	1	8
CUBBY	1	15
HORSE	1	3
JACK STND	1	2
POLES	1	3
TOOLS	1	8
WORKMATE	1	6
WINE CHILLER	1	12
RIFLE	1	3
COOKER	1	8
Waterfall	1	20
frames	1	3
Candlesticks	1	10
Cartop	1	15
CHARGER	1	6
Dresser - Long	1	23
hunting gear	1	4
tree artificial	1	8
Exercise Matt	1	2
Cabinet small wood	1	10
heater	1	5
dresser	1	30
tree stand	1	10
Commercial Bin	1	20
Bench, Vanity	1	2
Edger, Lawn	1	5
Garden Tools, Each	1	2
Ladder, 3 Step	1	2
Shop Vac.	1	3
Tool Cases	1	3
Tote, Medium	1	8
Cabinet, Supply	1	30
Misc Item, Large (Description)	1	15
Bed, Frame Only, Metal	1	5
Chair Lounge Outdoor	1	10
Misc Garage Items	1	300
Clamp	1	2
Bookcase - Lawyers - Glass Front each Section	1	7
Sporting good	1	18
AA Coment	1	0
TRAMPOLINE-small	1	3
TOY CHEST	1	5
HOCKEY NET	1	2
foot board	1	10
tea cart	1	5
mirror  - standing	1	12
Armorie	1	25
Mirror - attached to dresser	1	8
fireplace, electric	1	25
shelf with baskets	1	5
DVD rack	1	1
desk, table	1	8
screen divider/trifold	1	5
tanning bed	1	60
Table, Leaf	1	5
Table, Wicker	1	3
Motorcycle Parts	1	10
Power wheel	1	10
wine crates empty	1	2
WOODEN BOX	1	20
WASHING MACHINE-FL	1	35
TABLE-CRAFT	1	12
Car Jacks	1	10
Drill/Press	1	22
Motor Scooter	1	35
Sander	1	15
Saw/Band	1	18
Saw/Table	1	20
Baby Carriage	1	4
Saw/Chop	1	10
Bicycle- Rack	1	10
Music-Mic Stand	1	3
Victrola-Antique Record Player Cabinet	1	15
Chello	1	5
Drum Carder	1	5
All Else Stays	1	0
Shoe. Rack	1	5
Train Board	1	15
Chest Of Drawers	1	15
Mirror-Dresser	1	10
Rack, Wall	1	3
.DRIVER - CURVED DRIVEWAY	1	0
.DRIVER - INCLINED DRIVEWAY	1	0
.ORIGIN - DRIVEWAY INCLINED	1	0
.ORIGIN CARRY > 200'	1	0
fertilizer spreader	1	4
Disc Catcher	1	8
Foosball Game	1	28
Hockey Net	1	5
Shopvac	1	4
Turkey Fryer	1	3
Bagger Assembly	1	10
Misc Wood	1	14
Shepard Hooks	1	1
Stepping Stones	1	4
Exercise Equipment - Large	1	50
Tiki torches	1	1
Saw - Power	1	2
Tv Tray	1	5
BAG / BACK PACK	1	3
SHOP VAC	1	3
SNOWBOARD / SKIS	1	2
Laubdry basket	1	3
garden sticks	1	3
Metal Cabnet	1	30
Roll Away Tool Box	1	100
Credenza - 4 Drawer	1	40
Plants - Real	1	5
Computer Equipment	1	2
Pet Carriers	1	5
Cat Box	1	2
Foot Locker	1	10
Power Wash	1	5
Chase Lounge	1	10
Burlee for towing bikes	1	5
Ctn Wardrobes	1	10
Ctn 3.0	1	3
Video Game	1	20
Cabinet - Display	1	20
drill	1	20
Plane Models	1	4
range	1	300
Vacuum/Shampooer	1	6
Garden Tool	1	2
Vacuum, shopvac	1	4
Washing machine, front load	1	25
Safe, small floor model	1	10
Rug, large	1	15
AA very limited packing by Carrier see note	1	0
portfolio cases	1	1
Chaise Lounge - Aluminum	1	3
Desk Medium	1	15
manikin	1	15
toolbox, lightweight	1	2
aquarium - 10 gallon	1	3
aquarium stand	1	5
Dart Board...Large	1	2
Cot - Folding	1	8
dog run	1	15
Space Bags	1	4
micro phone stand	1	1
Dryer rack	1	1
Rubber Matts	1	2
Globe Stand	1	8
live plant	1	15
wicker basket	1	6
Drum set	1	12
Bath Caddy	1	5
Shingles	1	15
Parts Washer	1	15
Stove - Woodburning	1	40
Surround system overhead	1	20
Sports Equiptment	1	12
shelf plastic	1	5
Plant Holders	1	4
Wicker Giraffe	1	5
crutches	1	1
Golf Clubs Carrier	1	6
Scarecrow	1	5
Table Set	1	5
Tree stand	1	3
Bed King	1	70
Trimmer	1	5
mirror, small	1	1
clothes rack on wheels	1	5
Duffle	1	6
Mamaroe	1	4
PATIO CHAIR	1	3
Tile	1	50
Play set	1	4
Bed - Child	1	20
Patio Cushion	1	1
Mower - Commercial (NO GAS)	1	35
Mower Attachment	1	4
DRAFT TABLE	1	15
TENT	1	9
saddle child's	1	3
karaoke machine	1	3
cross bows	1	1
Leaf sweeper	1	15
car stands	1	5
engine	1	30
hookah	1	1
microwave cart	1	4
air compressor, pancake	1	5
buckets, 5 gallon, plastic	1	1
fishing rods	1	1
wooden ammo box	1	1
sewing machine table	1	20
mast for antenna	1	4
Amplifier, musical	1	3
computer monitor only	1	3
Table, sofa	1	15
pistol	1	1
shotgun	1	2
christmas wreaths, boxed, large	1	1
mop	1	1
exercise mat	1	1
Outdoor wooden bench	1	5
Christmas/Items	1	3
Armoire Chest	1	35
Peg Board	1	5
Cornesboard	1	10
Table - Buffet	1	20
Extension Cord	1	3
Metal Art	1	3
Outdoor Shower	1	10
Game Board	1	10
.STAIRS - NARROW/STEEP	1	0
Compost Wheel	1	5
MOTOR SCOOTER	1	15
Trashcan	1	2
diaper pail	1	2
Bed- youth wood	1	10
exercise bar	1	6
table model	1	10
TV console	1	15
Table-Real Small	1	1
Burner	1	10
Chair- Wood	1	6
Wood Stump	1	15
Tvray	1	1
Snow Boards	1	5
Instructions	1	0
Full Size Mattress Only	1	20
Buffet Sideboard	1	30
Basket - Wicker	1	3
Barbecue - Large	1	25
Table -  Patio	1	10
SPEAKER-large	1	10
SPEAKER-small	1	5
ROOM DIVIDER	1	10
WICKER	1	3
Plants/Frux	1	3
Clock, G/Clock	1	20
Fireplace Equip	1	5
Bed, Double	1	60
Holiday Decor	1	3
Lumber / Wood	1	10
Dry Sink	1	15
Bird Bath / Fountain	1	5
Head Board	1	10
Washing Machine (Front Load)	1	30
CAT TOWER	1	6
CHRISTMAS TREES	1	6
Plastic Bins (Large)	1	8
Folding Canopy	1	7
Light Stand	1	5
Piano	1	70
Church pew	1	34
Golf Net	1	8
mattress only	1	7
Heavy bag	1	20
Dining -  Buffet / Sideboard	1	30
Power Tool - Lawn	1	3
Office - Cradenza	1	15
Office - Desk	1	30
Snowmobile	1	100
Clock - Wall	1	5
Wall Unit - Large	1	60
Safe- Small	1	20
Valet-Clathing	1	5
hood vent	1	15
Book Carton - Not Going	1	0
dresser - small	1	10
shoe organizer	1	5
Cabinet - Metal LG	1	20
Power Tool - Hand LG	1	3
Slant Bench exercise	1	10
Gumball Machine	1	3
TV - Regular	1	15
Jack Stands	1	3
No Food Going	1	0
Cedar Chest - LG	1	15
Vanity Bench	1	4
barrels	1	2
Ligts	1	4
Transfile Box	1	5
Vacuum - Steamer	1	5
Air Compressor LG	1	15
Generator - Large	1	35
Dresser - Top	1	10
Cement Statue - LG	1	10
Cement Statue - Mef	1	6
.DRIVER - ROAD IS BUSY	1	0
lawn ornament	1	2
hair dryer	1	3
sewing machine	1	5
Vice - Small	1	5
bar	1	60
pool in box	1	30
Oven - Cust to Service	1	25
bookshelf	1	1
Chair - Wrought Iron	1	3
corn hole game	1	7
shed	1	50
wood swing set	1	200
air purifier	1	3
Desk- Computer	1	12
Total Gym	1	10
Vacuum/ Carpet Cleaner	1	5
Washer and Dryer (Front load)	1	50
HOLIDAY DECOR	1	7
.ORIGIN - FLIGHT (EXTERIOR)	1	0
Clothing	1	0
YARD ART	1	50
Bed, Full	1	60
Table, Small	1	2
Pedestal, Dryer	1	5
Pedestal, Washer	1	5
Bench, Wicker	1	5
ice maker	1	25
Desk, RollTop	1	40
Bed - Bunk single	1	40
Clock - Mantel	1	2
Ladder - 10'	1	6
Pool Lounge Chair	1	5
Sconces	1	3
Wicker - arm chair	1	7
Washing Machine Front load	1	34
Ladder-4'	1	3
Air conditioner portable	1	10
Clothes Drying Rack	1	3
outdoor pizza oven	1	45
fireplace cabinet	1	15
Crib Mattress	1	5
Mirror, Full length	1	20
Church Pew	1	10
Table, Drop Leaf	1	10
wall mirror	1	10
dog crates	1	10
dog fencing	1	20
picture	1	5
skis and ski boots	1	10
Microphone Stand	1	2
Wooden Shelf	1	3
Mitre saw	1	7
Chiminea firepit	1	20
Wall Unit 3 Piece	1	70
Cabinet, Jelly	1	10
Dumbbell	1	3
Dresser Sm	1	10
Buckets	1	2
Bed - Toddler	1	10
Cabinet - Garage	1	20
TV - Trays	1	3
19" TV	1	3
Table Pads	1	2
Plastic Shelves.	1	3
Power Wheels	1	15
Cabinet/Large	1	22
paddle boat- inflatable	1	10
bowling ball	1	2
Basinett	1	3
Trumbone	1	3
Weight rack	1	5
FOOSBALL TABLE	1	15
tents	1	7
PLASTIC CHAIR	1	1
play stand	1	50
Vanity - Bench	1	3
Gates	1	2
Matt's/Floor	1	1
PBO - TV - LCD < 40"	1	5
Weights (25#)	1	4
Little Tyke Playhouse	1	20
pack N Play	1	7
Baskets. wicker	1	2
amps	1	5
fitness bar	1	22
Briefcase	1	1
DRYING RACK	1	3
Bed Twin	1	35
Wicker Unit	1	5
WINE REFRIGERATOR	1	12
settee	1	20
Single mattress/box spring	1	12
bed parts	1	10
generater	1	10
crates-empty	1	6
Snow skies (pair)	1	10
desk-pc	1	18
cartop carrier	1	5
kayak 12	1	20
tire rims	1	5
shelves - plastic	1	5
cabinet - large	1	30
deck storage box	1	10
porch chair (metal)	1	10
table - patio	1	6
MISC. 10 Cube	1	10
Basketball Goal - small plastic	1	2
Basketball Goal - Standard Size	1	15
urns	1	10
fax	1	5
PBO DP	1	10
PBO 4.5	1	4
PBO 1.5	1	1
Christmas Tree PBO	1	10
Wicker Furniture	1	5
Electric piano	1	30
folding chair in bag	1	4
baggage	1	3
.APARTMENT - ELEVATOR	1	0
.APARTMENT - INTERNAL CARRY	1	0
B B goal	1	20
surf board	1	5
child pool	1	10
riding toys	1	5
child car	1	20
drafting table	1	31
foosball  table	1	20
Wicker Sofa	1	20
Andirons	1	2
spinning wheel	1	6
clock	1	12
jack/ stands	1	13
Galley cabinet lg.	1	120
Safe - Lock Box	1	15
Sofa - Dual Recliner	1	50
Table - Drop leaf/Occasional	1	12
tire with wheel	1	10
speaker stand	1	3
Cart - Utility	1	5
Drum Set-Pro	1	7
bed Youth	1	25
Cabnet sm.	1	5
Piano (Electric)	1	30
Plastic shelves	1	3
step stool	1	3
Tote Large	1	8
Tote. Medium	1	6
Chest. Batchelor	1	12
Safe. Small	1	12
Patio table/chair	1	10
Pin ball machine	1	25
Storage bins	1	3
no appliances	1	0
water dispenser PRIMO	1	5
Basket Ball court pole	1	50
Lawn- Edger	1	5
TV- Flat Screen	1	20
Personal Computer	1	5
Sword	1	3
steamer machine	1	4
IKEA Screen Print	1	10
Game	1	5
.A LOT NOT GOING	1	0
.APPLIANCE NOTES	1	0
.FURNITURE, MOSTLY	1	0
Vacuum/Floor cleaner	1	7
Dehydrator	1	5
Desk - School	1	5
belt Sander	1	15
Rotor Table	1	10
Bball Hoop	1	15
Foosball Tbl	1	30
Bow in case	1	5
fooseball table	1	10
penball game	1	20
hand tool	1	1
art small	1	5
wicker chair	1	6
WICKER LOVE SEAT	1	10
Drum Set ea piece	1	3
Piano - Digital Keyboard	1	12
Kitchen Bench	1	10
Hutch Bottom	1	20
Blanket Rack	1	5
.ARTWORK / VALUABLE &/OR SEVERAL PIECES	1	0
.EXERCISE EQUIP - ROWER	1	0
Home Gym - Cust to Disass	1	75
Misc HHG - Group	1	30
Filing Cabinet - 5-door	1	30
SCUBA Equipment	1	10
Fireplace/Medium	1	14
Barrel 30 gal.	1	6
Dryer/Front Load	1	50
Washer/Front Load	1	50
guitar amp	1	5
jungle gym	1	100
.GLASS TOP(S) CRATE(S)	1	0
.UNCRATE - 3RD PARTY	1	0
Motorcycle (Large)	1	75
Wine / Spirits	1	2
Nothing moving	1	0
Bed parts	1	20
drawers	1	7
mantle	1	8
Oven - Gas - 3rd party	1	30
Refrigerator - 3rd Party	1	35
Garden Tractor	1	200
Power Tool, Case	1	1
toaster oven	1	3
NOTHING	1	0
Ab Roller	1	3
Chairs - Patio	1	3
Christmas tree  14 feet	1	25
Bench - Bed	1	10
Carrier	1	15
Bow Case	1	5
Hydraulic Lift Stand	1	15
Industrial Metal Shelf	1	15
Scalfolding	1	15
Table - Bedside	1	5
Dryer - Front Loading	1	25
Table - Deck/Patio	1	15
rototiller	1	20
centrifuge	1	10
wall mount desk	1	25
Papasan Chair	1	15
punching man	1	15
Manican	1	5
Antique Radio	1	10
Tie Rack	1	3
DRUMS	1	2
POTTING TABLE	1	10
CHALK BOARD	1	4
Fooz Ball	1	40
Peanuts - how much, which items?	1	0
Pillowtop Mattresses - how many, which room?	1	0
Trailer - Utility	1	25
tower	1	25
Hand Drum	1	10
Table - Couch	1	12
BED - King	1	70
Chest of Drawers Small	1	12
Safe - Small, Fire	1	7
Bench - Large	1	10
CornHole Game	1	3
Power Washer - SM	1	5
Shepherds Hook	1	2
Crate - Small, Wood	1	3
Sofa Chair - Overstuffed	1	25
PlayHouse	1	15
.DRIVER - TIGHT APT. COMPLEX	1	0
divider	1	3
Shelf Open Wood or Plastic Medium	1	5
Washing Machine (Top Loader)	1	30
cabinet - storage	1	15
computer equipment	1	4
Chair Aluminum	1	1
Stool Bar	1	5
Table Card	1	3
Table Coffee/End	1	5
Table Sm.	1	2
track lighting	1	2
armoire med	1	25
Table - Oudoor	1	20
ChristmasTree	1	10
Cabinet, Storage	1	10
Floor Safe	1	3
Drawer Unit	1	10
Tray tables	1	5
Garden Hose on Reel	1	5
Woofer	1	10
small shelf	1	5
Utility Cart	1	2
Chair Recliner	1	25
Pipe Holder w/ 6 Pipes	1	1
ice cest	1	2
Wood Flower Beds Raised	1	10
Exercise Elliptical	1	25
BBQ -Smoker	1	10
Aquarium Cabinet	1	10
Piano Stool	1	5
Wicker Shelf	1	5
Gas Cans empty	1	2
.PILLOW TOP MATTRESS	1	0
Bicycle-Adult	1	5
Shelf-Small Plastic	1	3
Bar Stool-Small	1	2
Sofa-2 Cushion	1	45
Table-Bistro	1	5
TV Stand-Small	1	7
Shelf-Small Wood	1	2
Bike Stand	1	2
Bench LG	1	10
Clothes Bag	1	3
China Closet	1	55
Mattress twin	1	7
Art easel	1	1
Bed frame pieces / rails	1	3
shedder	1	2
Air Compressor Small	1	5
Armoire - LG	1	50
Shower Chair	1	1
Bandsaw	1	12
Cube Small	1	1
Bird Feeded	1	2
razor scooter	1	5
Table, Kitchen	1	30
Shepherd Hook	1	3
Rifle / Shotgun	1	2
Basketball hoop Metal	1	10
Animal Bed	1	2
Baby Bathtub	1	2
Art Tube	1	1
Exercise - Weights - Plates	1	1
Jumper	1	4
Swing - small	1	4
TV Trays - Wood on Rack	1	5
Amp, small	1	3
Ukulele	1	4
Kitchen chairs	1	5
Snack tables	1	10
.Origin-Apartment Complex	1	0
.Origin-Shuttle Needed	1	0
.Origin-Straight Truck Only	1	0
.Partial Move, Lots Not Going	1	0
PlayPen	1	3
basinet	1	5
pack and play	1	5
Desk - Corner	1	15
Chair - Small	1	3
File Cabinet -Lateral 2 drawer	1	18
Desk -Small	1	10
Desk - Office LG	1	40
Tansu Chest	1	15
Footlocker LG	1	10
Two Wheeler	1	3
Brooms/Mops	1	1
No Furniture Going	1	0
dog house plastic	1	4
totes large	1	5
sofa back table	1	6
Concrete Blocks	1	2
awning	1	25
pedestals	1	10
NOTE:	1	0
gates	1	12
train set	1	400
tent/pop up	1	10
dog igloo	1	10
Stepstool	1	3
Crib LG	1	20
Chair Bag Soccer Type	1	1
DVD / CD Player	1	2
Clothing rack	1	3
Little Tykes toy	1	3
Birdcage	1	5
.DESTINATION - HOME	1	0
.FLAT SCREEN TV - < 40" PBO	1	0
.FLAT SCREEN TV - > 40" PBO	1	0
.FURNITURE - ANTIQUE	1	0
.ITEM NOTE 3	1	0
Exercise Bike - Large	1	20
Ladder-Stepstool	1	2
.ORIGIN SHUTTLE (MINI STG)	1	0
.WINDOW TREATMENTS STAY	1	0
Credenza - small	1	12
doors	1	10
LCD TV Dems.   L  X   W X   H	1	0
Table - Demilune	1	7
aluminum chairs	1	2
totes small	1	3
Cabinet- Bathroom	1	5
Car- Ramps	1	3
Chair- Desk	1	7
Island-Kitchen	1	30
Lawn- Weedeater	1	3
POLE	1	10
MAGAZINE RACK	1	5
Tub-Plastic	1	1
TOY-power wheels	1	12
PC - CPU	1	4
bushel basket	1	1
pictures	1	4
weedwacker	1	2
custom rack	1	2
pet cage	1	2
golf club cart	1	2
Kitchen table	1	15
File Cabinet - 2-3 Drawer	1	10
Garden Tools & Hose	1	5
Weed Whip	1	3
Long Carry. Distance:	1	0
Shoe Rack/Shelf	1	1
Sofa - Table	1	8
Pack 'n Play - Playpen	1	5
riding mower	1	50
tool chest, lg roll away	1	70
victrola	1	10
Totem Pole	1	10
Jack - Car/Hydraulic	1	2
Computer tower	1	3
Speaker - Medium	1	3
christmas	1	3
wine 24 bottles	1	4
Milkcan	1	5
jewel armoir	1	10
Basketball System	1	8
Wine Rack - Large	1	10
Exercise - Weights - Dumbbells	1	2
Exercise Equipment - Home Gym	1	45
Partition-Room Divider	1	10
Bed Part - Footbd	1	5
Bed Part - Frame	1	3
Bed Part - Headbd	1	6
Filing Cabinet - 2-Door Lateral	1	20
Desk - Shelf Top	1	25
Fire Pit - Large	1	25
bedroom-2	1	1
large clock	1	7
Pedastal - wooden	1	3
Sandblaster	1	30
Hutch - one piece	1	25
Pillow -wedge	1	3
Iron canopy	1	120
Iron Canopy 2/2	1	35
Desk - Student	1	10
Wood Barrell	1	10
Paddle	1	1
Trolling motor	1	3
Duct work	1	7
Ice shanty	1	6
Miter saw	1	15
Mower - Power	1	15
Dryer - Elec	1	25
Cart, Plastic	1	3
printers	1	5
Computer desk	1	15
Dough Board	1	5
Safe-Gun	1	20
Rolling Rack	1	5
TABLE-DRAFTING	1	15
HAMMOCK STAND	1	25
UMBRELLA-BASE	1	8
PBO 3.0 ctn	1	3
Card table Chair	1	2
attic/misc	1	100
contents of garage	1	350
Christmas Tree Stand	1	5
wicket basket	1	1
bag chairs	1	1
plastic golf club carrier	1	2
Quilt Foam	1	5
Leaf Catcher	1	10
room decider	1	15
secretary	1	25
rods metal	1	1
PC	1	1
miscellaneous medium	1	10
TOOLS MISCELLANEOUS	1	2
Amp for Guitar	1	7
Drum - Comga	1	5
Joyner	1	20
guitar not in case	1	3
skimboard	1	5
Speaker - Large`	1	5
Swing - Baby	1	2
Cabinet large	1	35
.ATTIC NOTES	1	0
.BASEMENT NOTES	1	0
.CRATING	1	0
.DRIVER - VERY LONG DRIVEWAY	1	0
.EXTRA LABOR	1	0
.GARAGE NOTES	1	0
.OUTBUILDINGS	1	0
.PAYMENT - BILL COMPANY	1	0
.TV DISMOUNT	1	0
.VALUATION - FRV - NO DEDUCT	1	0
PBO - Tools	1	10
Ladder - Bedroom	1	4
TV Mount	1	2
Weight Rack/Stand	1	15
Weight System	1	80
Weights - dumbbell/barbells	1	20
Credenza lg	1	35
Painting - other	1	4
Building Materials: wood, misc	1	15
Jack, floor	1	3
Mop/brooms	1	2
Saw - Chop type	1	10
Kitchen Table - LG/Farm type	1	30
Dryer - 3rd Party	1	25
Computer Component	1	2
Computer System	1	9
Firearms	1	5
Cat Scrather	1	4
Roof Racks	1	7
Wheel Barrow	1	20
Desk Return	1	15
Washer/Dryer (Stacking)	1	50
Massage Chair	1	15
Shovels	1	1
Child Walker	1	3
Room Divider	1	10
Concrete Statute	1	10
Inversion Board	1	20
Water Jug - 5 gal	1	6
office chair	1	10
coffee table	1	5
heater floor	1	3
plastic 3 drawer	1	8
Hoist	1	22
Matt's	1	10
paddle	1	1
kayak 10 ft	1	15
PBO Dishpack	1	10
Power Washer - Gas Powered	1	15
Blanket Wrap Railings	1	0
Bulky Article(s). List:	1	0
Extra Labor	1	0
Floor protection - carpet shield. How many feet?	1	0
Hardwood Floors - how many feet to be covered?	1	0
Desk - With Return	1	50
Vaccum - Shop Vac	1	4
Microwave Table	1	8
Trash Can - large	1	7
Doll House - Large	1	10
Metal frame	1	10
tub	1	1
Pipes	1	2
Water Softener System	1	10
File Cab, 2-3 dr	1	10
TV - Flat under 40"	1	4
TV - Flat over 40"	1	8
.Appliances-All Major Stay	1	0
.Flooring-Carpet	1	0
.Flooring-Partial Wood	1	0
.Flooring-Tile	1	0
.Origin-Multi level home	1	0
.Origin-Paved Driveway	1	0
.Origin-Paved Road	1	0
.Origin-T/T Accessible	1	0
.Terms-CP=Carrier Pack	1	0
.Terms-PBO=Pack By Owner	1	0
Heavy Bag / Stand	1	25
Hot Tub - Large	1	80
Skis Boots Poles	1	8
ski bag	1	10
Lawn  Water Hoses	1	5
armiore	1	45
Dumbell/Barbell	1	5
Microwave / TV Cabinet	1	10
Saddle Stand	1	10
Wood Crate	1	5
Fire place	1	25
Drum kit	1	12
Taxidermy Deer	1	5
Metal Shopping Cart	1	2
sporting equipment	1	10
tent or canopy	1	5
Chiminia	1	16
cat exercise tower	1	2
power wheels	1	10
Quad	1	35
Wood Plank	1	10
Table -Sofa	1	10
TV mount	1	5
Bed frames	1	5
ARCHERY IN CASE	1	7
CRATE	1	20
CROQUET	1	5
FIREPLACE	1	20
FISHING RODS	1	1
HAND TRUCK	1	5
HOCKEY STICKS	1	1
HUNTING EQUIPMENT	1	8
INTERLOCK MATS	1	2
JACK STANDS	1	3
SNOWBOARDS	1	2
UTILITY LIGHT	1	5
WORK MATE	1	2
GUITAR	1	1
BREAKFRONT	1	40
CHAIRS STACKED	1	12
CHIMNEA	1	12
DECK BOX	1	20
GATES	1	2
ATTACHMENT	1	15
BICYCLE	1	5
CANOE LESS THAN 14 feet	1	20
DOG BOX	1	7
FUEL TANKS PLASTIC EMPTY	1	1
PLOW ATTACHMENT	1	20
RAKES AND SHOVELS	1	5
TURKEY FRYER	1	5
RUG 5 x 8	1	10
HAMPER	1	3
JEWELRY ARMOIR	1	5
FOUNTAN	1	25
GARDEN EQUIPMENT	1	10
HOIST FOR MOTOR CYCLE	1	16
MOTOR FOR BOAT SMALL	1	7
MOWER	1	15
Washer & Dryer	1	60
Umbrella stand	1	7
Building materials	1	50
BBQ - XL	1	20
Carper cleaner	1	4
Compressor - small	1	4
Jack stand	1	3
Ladder -Magic	1	7
Plastic Bin 3	1	3
Plastic Bin 5	1	5
Basketball Net	1	15
Patio - Chair	1	5
Patio - Loveseat	1	7
Patio - Table, Coffee	1	5
Patio Table - Large	1	25
Dresser - Chest of Drawers	1	20
PBO wardrobe ctn	1	10
Toki torch	1	1
Bed headboard	1	6
shuffle board	1	50
pop corn machine	1	5
wagon wheels	1	7
chalk board	1	3
Night stand	1	5
Table - coffee	1	5
Metal shelves	1	25
Shoe stand	1	3
White board	1	20
Washing machine Top load	1	25
Christmas Tree Bag	1	10
Everlasting	1	20
Console	1	15
Vinyl Drawers	1	6
Packer Game	1	10
Dolly - 2 Wheeler	1	4
Dressform	1	8
Hairdryer - Commercial	1	8
Cabinet - Drysink	1	10
Chaise - Metal	1	6
Garden Pot Lg	1	6
Poker Table	1	15
Rack - Wine Sm	1	2
Scooter - Electric	1	7
Motor Cycle - Harley	1	50
Lawn Mower - Attachment	1	12
Car Ramps - 2	1	6
Basketball Goal-Childs	1	10
Washing Machine-Front Load LG	1	30
Printer/copier	1	5
basketball hoop.	1	40
TV - Flat 30 to 50	1	20
chair massage	1	30
wheelchair	1	5
Armoier	1	30
desk small	1	5
flower pots	1	3
flower pots large	1	5
table patio	1	10
wood rack	1	10
Electronic Keyboard	1	15
Air Filter	1	4
Lightstand	1	4
Baby Jogger	1	7
Kitchen Island - Med	1	20
Big Green Egg BBQ	1	20
Composter	1	10
Copper Bin	1	2
Lawn Mower - Power LG	1	35
Leaf Blower LG	1	10
Power Tool - Lawn LG	1	2
Viddle Vault	1	2
Chest - Blanket	1	13
Table - Game	1	20
Table - Top	1	5
Table - Patio End	1	3
Hose & Reel	1	8
Painting - Oil	1	2
Tree Trimmer	1	3
.BULKY - CANOE/KAYAK < 14'	1	0
.CUL DE SAC - ISLAND	1	0
Elliptical	1	15
Luggage Set - Full	1	10
Bed - Child OR Rollaway	1	10
Glider / Settee	1	15
Sofa - Sectional (3 Piece)	1	45
Snow Thrower	1	15
Table - TV (Set of 4)	1	4
Shelving Unit -  4 Shelves Chrome	1	7
Canoe - < 14'	1	10
Teatherball	1	15
Desk - Return	1	10
table, folding	1	4
nothingmore going	1	0
Chair - Theater Per Section	1	20
Chaise Lounge - Metal	1	10
Misc. Item 15	1	15
stairs	1	10
work table	1	15
Ceramic Planter	1	10