Name	Ctf
3.0 Cu. Carton	3
4.5 Cu. Carton	4
1.5 Cu. Carton	1
Corr Mirror Carton	3
Dishpack	9
Wardrobe Carton	9
Book Carton	6
Chair	4
Bookcase - Sections	7
Table	5
Tote - Plastic Packed	4
Bed - Queen	62
Sofa - 3 Cushion	49
Vacuum Cleaner	4
TV-Flat Panel 30 - 59	15
6.0 Cu. Carton	5
Lamp - Floor	4
Table - Night	5
Chest	14
Chair - Arm	9
Dresser - Double	39
Table - End	8
Queen Mattress	0
Dresser - Single	21
Chair - Occasional	14
Rug - 4 x 6	4
Table - End Coffee	5
Bicycle	8
Suitcase	4
Sofa - Loveseat	34
Dryer	27
Washing Machine	25
Ottoman - Small	4
Bookcase - Bookcase	20
Stool	2
TV - Flat	15
Fan	2
Bed - King	68
TV - Stand	9
Rug - 9 x 12	14
Table - Kitchen	18
Table - Dining	30
Ironing Board	1
Desk - Office	28
Table - Coffee	16
Folding Chairs	1
Nothing Else Going	0
Table - Small	4
Cabinet - Curio Utility	10
BBQ Grill - Large	10
Filing Cabinet - 2-door	10
Queen Mattress/Bag	0
Desk - SM Winthrop	19
Chair - Overstuffed	24
Microwave Oven	4
Bed - Twin	38
Tote-Small	2
Lamp	2
Glass Crate	6
Twin Mattress Carton	0
Golf Bag	4
Toolchest - Small	4
Ladder - 6' Step	2
Night Table	9
Dresser - Triple	49
Table - Table	10
Garden Hose & Tools	9
Chair - Childs	2
King Mattress	0
Bed - Double	47
Shelves - Metal	5
Mirror	8
Tote - Large	9
Ladder - Stepstool	1
Chair - Rocker	11
Table - Large	15
Ladder - 8' Step	5
Dining - Chair	5
Bench - Harvest	9
Buffet - Base	29
Trunk Footlocker	9
Cooler	2
Sofa - Sec. Per Section	20
Long Twin Mattress	0
Ottoman - Large	10
Metal Shelves	5
Table - Drop Occas	12
Dining - Table	28
Double Mattress Carton	0
Picture	7
Ladder - Extension	9
Trash Can	4
Lawn Mower - Power	14
Stool - Bar	5
Rack	2
Cabinet - Corner China	26
Rug - Large or Pad	9
Umbrella - Patio	5
Cabinet	16
Crib	10
Guitar in Case	2
Power Tool - Hand (each)	3
Dolly	4
Crib Mattress Carton	0
Plant Stand	2
Dishwasher	19
Twin Mattress Carton/Bag	0
Chest - Cedar	14
Table - Utility	5
Wheelbarrow	5
King Mattress/Bag	0
Armoire	31
Office Chair	5
Footstool	2
Toy - Plastic Small	2
Toolchest - Medium	10
Rug - Runner	1
Desk - Secretary	34
Toolchest - Large	33
Hamper	3
Refrigerator - Mini	17
Filing Cabinet - 4-door	29
Misc Crate	14
Workbench	37
6.5 Cu. Carton	6
Computer/Printer	4
Chair - Folding	1
shelf	2
TV - Small	5
Safe	37
Entertainment Center - Small	28
Stand	1
Exercise Equipment - Treadmill	30
Heater - Gas Electric	5
Chair-Metal	2
Nothing Going	0
Plasma TV	7
Table - Extension Leaf	6
Table Outdoors	3
Double Mattress Carton/Bag	0
Stove/Range - 30'	14
BBQ Grill - Small	2
Shelves - Unit	18
TV - Medium	22
Dresser	24
Long Twin Mattress/Bag	0
Chest - Armoire	30
Toy - Plastic Large	5
Table - Childs	4
Dresser Mirror	8
Hutch - Top	19
Artificial Plant - Small	5
Pot - Clay	4
Shoe Rack	3
Clothes Hamper Basket	4
Painting/Picture	2
Chaise Lounge	21
Exercise Equipment	11
PC Desk - Small	13
Other Carton	4
Stereo - Speaker	9
Bed-Headboard	10
Weights	16
Dining - Leaf	2
Sewing Machine - Portable	5
Toy - Large	10
Toy - Small	4
Plastic Bins medium	3
TV - Stand Large	24
Card Table	2
Chair - Office	7
Bed-Footboard	6
Desk	14
Marble Table Tops	4
Shelf	4
Freezer - 10 or less	29
Misc 5 cu	5
Desk - Computer	14
Sofa Table	5
misc	15
Chair - Metal / Patio	5
Breakfast Table	10
Refrigerator - 7 to 10 cu ft	20
Sofa - Hide  4 Cushion	58
Sewing Machine - w Cabinet	19
Bed - Bunk (Set of 2)	69
Fire Pit	14
Fireplace Equipment	4
Piano - Bench	4
Entertainment Center - Large	51
Power Washer	5
Air Compressor	12
Tote	2
Exercise Equipment - Bike	10
Wastepaper Basket	1
Cart	6
Entertainment Center - Medium	39
Tote - Plastic  medium	5
Bench	6
Bed Frame	5
Christmas Tree	6
Bed-Frame	4
Shop Vac	4
Table-Card	2
Utility Cabinet	16
Stroller	4
Jewelry Chest	5
Garden Hose or Tools	10
Plastic Bins Small	2
Air Cond Window - Small	14
Breakfast Suite - Chairs	5
Wagon	4
Desk Chair	6
Dining - Hutch	19
Bench Vanity	3
Artificial Plant - Large	10
Piano - Spinet Console	58
Trash Can - Small	2
Stove/Range - 36'	30
CD/DVD Rack	5
Table Saw	20
Tricycle	2
Pot - Clay Large	10
Spreader	4
Shredder	3
Futon	20
TV Trays	4
Pet Carrier	2
Brooms, Etc	1
Keyboard	5
Wardrobe - Large	40
rack	3
cooler	4
Piano - Baby Grand Upright	69
Basket	2
Dehumidifier	9
Chest of Drawers	14
Screen	6
Wine rack	4
TV - Big Screen 40-60	38
Misc 10 cu	9
Weight Bench	7
Baker's Rack	20
Lawn Mower - Hand	5
Stool - Counter	6
Table - Small Outdoor	5
BEDRAIL	4
Exercise Machine	30
Chest - Toy	5
Entertainment Center	15
Vanity	17
Bed - Metal Frame	5
Sofa - Futon	29
Freezer - 11 to 15	44
Changing Table	14
Compressor	6
Table - Large Outdoor	10
Bookcase	10
Floor Lamp	4
Music Instrument	5
Sofa - Rattan Wicker	19
patio chairs	1
Bar - Portable	16
Bookshelf	4
Leaf Blower	4
Easel	4
Clock - Grandfather	19
Swing	9
Bench - Piano	4
Speakers	2
Lawn Mower - Riding	70
Snowblower	27
Folding Table	4
Vacuum	2
Misc	5
HEADBOARD	5
Pool Table - Slate	99
Game Table	14
Table Night	9
CABINET	16
Bucket	2
Tote - Medium	5
Bed - Headboard	9
Instrument in Case	2
Bookcase - Small	5
LCD TV	9
BINS,LARGE	5
Tire - w Rim	5
hamper	4
Power Tool - Stand	14
RACK	4
Mattress Cover	1
Carseat	4
BINS,SMALL	3
Hutch - Large	20
Motorcycle - Cruiser Touring	74
Refrigerator	39
cabinet	13
Glider or Settee	18
Statue	5
Luggage	4
Bar Stool	4
Kitchen Table	17
Tools	4
Night Stand	5
Ping Pong Table	39
Computer	5
Kitchen Chair	5
Sofa	41
Skis	3
Dresser-Single	30
tote	2
Freezer - 16 or over	58
Trampoline	14
Trunk	8
Dog Crate	5
Baby Carriage Stroller	3
Chair - Plastic	1
Stereo - Console	13
High Chair	4
Bike Rack	6
Exercise Equipment - Eliptical	15
Clothes Rack	2
Bed Headboard	5
Sled	2
Saw Horse	4
Bed - Daybed	30
Keyboard - Large	10
Chair Outside	2
Coat Rack	2
Taxidermy	34
Lamp - Floor / Pole	4
Desk - Chair	8
Tote -Plastic small	2
Air Purifier	4
Tire	3
Ottoman	3
Chair - Kitchen	3
DESK CHAIR	5
Wood	5
TV - 60 & Over	59
Table - Card	4
Rubbermaid Cabinet	9
Table-Outdoor	17
Tote - Small	2
Wardrobe - Small	21
Rug	8
Garden Ornaments	1
Canopy	6
Laundry Basket	2
Small Table	1
Server	15
Snowboard	4
Bed - Footboard	5
bin, plastic	4
Bookcase - Medium	9
Rug-Small	3
Motorcycle - Dirtbike Sport	53
Chair - Straight	2
Tent	5
Lawn Spreader	4
Exercise Equipment - Bench	18
Christmas tree	9
Power Tool - Large	32
Range	30
Chair - Dining	5
Credenza	20
Saw Horses	3
stand	5
Nothing else in room goes	0
Hall Tree Rack - Small	2
Bed Frames	4
Chiminea	8
PC Desk - Large	28
Empty Per Client	0
Shelving	7
Pot - Plastic	2
Chair - Aluminum / Plastic	1
Fountain	8
Generator	17
Bookcases-Small	2
Air Cond Window - Large	19
Scooter	8
Storage Tote	3
Picnic - Table	20
Gate	2
3.0'Ctn- Not Going	0
Serving Cart	9
Plastic Drawers	4
Misc.	7
Hutch	28
Planter	6
cart	5
Misc 15 cu	14
Workbench - Small	10
Chairs-folding	1
headboard	18
Cabinet - Small	8
Patio Chair	4
Wine Chiller	13
Bed Footboard	5
Statues	12
Hall Tree Rack - Large	12
Dresser - Mirror	9
Duffel Bag	3
bed frame	6
Chair - Swivel	4
Yard Tools	8
Tea Cart	9
Rest Not Going	0
CHAIRS,FOLDING	1
Chair-Folding	1
Duffle Bag	5
Misc Item	23
Big Screen TV	9
Ladder	5
Drill Press	15
4.5 Ctn- Not Going	0
Printer	3
stroller	4
Quilt Rack	3
CD Rack	2
Dresser-Mirror	7
Keyboard Stand	6
Picnic - Bench	9
Mider Saw	7
Cabinet - China	32
Umbrella Base	10
Cat Hotel	3
Whicker Chairs	2
Surfboard	5
Pressure Washer	14
End Table	4
Saw	9
shoe shelf	2
Smoker	9
Grinder	5
Steamer	3
Nesting Tables	5
Floor Jack	8
Walker	1
Desk - Small	9
Fan - Large	5
range/oven	25
Bed - Youth Plastic Toy	25
Pictures	0
Playpen	5
Air Conditioner	9
wagon	5
PBO - TOTE (SMALL)	3
STAND	4
COOLER	1
easel	2
desk chair	5
Desk chair	5
Umbrella Stand	4
Magazine Rack	2
Guitar	2
Doll House	6
Plastic Bins Large	3
BIKE	3
TV trays	2
Hammock	7
KAYAK 14' & Under	6
PBO Not Moving 3.0	0
Chandeliers	21
PBO Not Moving. 4.5	0
Shoe rack	2
Patio Table	10
SHOE RACK	1
Garden Tools	7
Piano - Parlor Grand	78
Table-Leaf	2
Table - Folding	3
Toy Chest	6
Chair - High	4
Folding Chair	1
Rocking Horse	4
Table - Sofa	9
folding tables	4
Steam Cleaner	5
work mate	6
Welder	7
Chair, Folding	1
Bed - King / Queen	49
TV - Flat Panel - Large	10
Bed Frame Small	7
Butcher Block	14
Raton Chair	2
Fishing Rods	1
Telescope	4
Buffet	28
shoe rack	4
Rug - Medium	5
Rug/Round	6
Matts	4
Cabinet-Utility	19
Speaker	7
Amp	7
Ramp	4
futon	18
Tote-Meduim	5
Chaise Lounge - Metal - Wood	15
Garden Hose & Tool	2
Chest - Bachelor	11
STG BINS	4
screen	8
Heavy Duty Carton	5
Table - Patio	12
Bookcase - Large	23
Dog Bed	2
Golf Cart	70
folding table	3
Guns in a Case	4
Table-Kitchenette	10
Bed - Frame	6
Step Stool	1
tent	4
Armor Pk TV Crtn.	0
desk	13
tote small	3
Plastic drawers	4
Treadmill	28
Rubbermaid cabinet	10
Saddle	7
Bike Kids	5
mirror	10
Table - Coffee (Large)	10
PBO - TOTE (MED/LGE)	6
Tote - Extra Large	15
Flag Pole	2
magazine Rack	1
Chair - Desk	6
PRINTER	4
1.5 Ctn- Not Going	0
Headboard	9
Golf Clubs	7
Water Cooler	7
Chair Folding	1
Wicker Basket	2
PBO - 3.0 (MEDIUM)	3
Desk w/ Return	35
Table - Medium	10
Golf - Clubs / Bag	3
scooter	5
Cabinet - Supply	26
Toy - Chest	5
Safe - small	10
Matt	5
Shelves	4
Plastic Shelf	7
Appliances - Counter Top	2
generator	19
Barbells - Enter Weight	16
Bed - Mattress	13
Ladder - 3 Step	3
Cabinet - Kitchen	27
Scooters	4
Coolers	2
Chair-Dining	4
Sandbox	8
Lawn Mower - Push	15
Ski	2
Music Cabinet	11
Tool Box	4
Coat Rack - Small	2
nothing goes	0
Door	9
Easle	2
computer desk	13
Deck Box	12
lamp ctn	5
coat rack	7
Hutch - Small	10
Wine Rack	6
Raton Sofa	3
Wreath Box	2
Garden Hose	4
shelf-book on wall	2
Organ - Small	21
Cat Condo	7
Chair - Patio	5
Bird Cage	5
BENCH	8
Shelves - Plastic	4
JACUZZI: 65' & OVER	76
Rug - Small	1
yard art	6
quads	35
trampoline	18
Jack	7
Toolchest	43
SOFA 2 CUSHION	34
BBQ Grill - NO TANK	11
Bed - Single	31
Bicycle - Child	3
shoe racks	6
Rod	3
STROLLER	3
TV-Tray	1
Grandfather Clock	12
Weed Eater	4
Chair - Aluminum	1
plastic cabinet	2
Closet Items	0
Bookshelf, Small	5
Childs gate	2
TRASH CAN	1
garage cabinets	15
Candle Sticks	4
Rolling Cart	10
bed-headboard	10
Pedestal	5
Cabinet - Gun	16
Punching Bag	10
clothes rack	3
bench	7
TV - Stand - Large	10
MONITOR	2
Washing Machine w/ Peds	35
Bins - Plastic	6
shelving	5
Crutches	1
bags	4
Chair folding	2
Bike	5
Footboard	8
Dryer, Electric	25
Mower - Lawn (NO GAS)	10
Table - Drop / Sofa	10
Tote ctn	5
Basketball Goal	23
Sideboard	27
Air Bed	3
Rug - Large	9
Large cabinet	25
wood	11
Washer, Top Load	24
Ramps	4
Dresser - Vanity	18
Dryer - On Pedestal	35
Front Load Washer	34
Toolbox	3
Broom/Mop	2
Table- Folding	5
PBO's	4
Basketball Hoop	17
Murphy Bed	32
Tripod	1
PBO Not Moving. 1.5	0
CLOTHES HAMPER	1
Bag	3
Appliances - ALL	0
Picnic Cooler	2
.APPLIANCES STAY (MAJOR)	0
camping gear	6
Pack and Play	2
Bird Feeder	8
LAMPS	0
nothing else goes	1
Racks	2
bed-footboard	10
computer	5
Workmate	5
Table - Bedside / Night	5
Scale	3
Armoir	28
Chair - Child	1
TOTE - Small	2
Antique Sewing Machine	10
Drum	5
Metal Shelf	15
EASEL	3
Fish Tank	15
Tackle Box	1
Baskets	2
Amps	9
Plastic Bin Medium	3
Tote - Medium Packed	4
Sawhorse	3
trash can	2
Ladder - Step	3
Waste Basket	1
saw horse	3
Coat Tree	2
.FURNITURE - UPHOLSTERY	0
Chair - Porch	2
Bookshelf, Medium	9
Table - Changing	12
wall unit	30
Misc 25 cu	24
Sled / Skis	2
Shelving Unit - Plastic	4
COMPUTER EQUIPMENT	4
Massage Table	10
mats	4
Washing Machine Front Load	27
Dog crate	7
Basket - Laundry	1
Plastic Toys Medium	3
Plastic Container	7
PBO - 1.5 (SMALL)	2
.IMPORTANT NOTE	0
Bench - Weight	5
cabinet, small	7
Handtruck	7
doll house	11
Sports gear	4
.PACKING - FULL	0
saw horses	4
sporting goods	5
Bed -- Frame	4
grandfather clock	30
Car Top	8
Pbo Carton	5
Table-Folding	5
playpen	4
Amplifier	5
Divider	6
Bean Bag	7
tub/basket	1
miscl	11
Footlocker	7
bike rack	4
Drying Rack	2
Baby Gate	2
.FLOORS - HARD WOOD	0
Chair - Recliner	19
printer	3
Chair - Outdoor	5
Bowling Ball/Bag	2
Sofa - Leather	40
Shelving Unit - Metal	4
Lamp floor	3
Misc 20 cu	20
Electronics	2
Amphs	4
Whicker Sofa	13
Chairs-Plastic	1
amplifier	6
CAT TREE	4
Mattress	17
Dresser - Normal	25
Cat Post	5
Sofa-Hide	56
flat screen LCD t.v.	20
dog cage	4
.FLOORS - CARPET	0
Table - Small outdoor	2
Hydraulic Jack	5
Shelf, Plastic	4
compresser	10
TV - Flat Panel - Small/Medium	5
Chandelier	7
TV TRAYS	5
Bicycle-Kids	3
chest	9
dog bed	4
Crate	11
Xmas decoration	3
dog crate	5
ski	2
chest of drawers	24
.ORIGIN - HOME	0
Lathe	28
SPORTS BAG	1
Front Load Dryer	30
Miscellaneous	15
Piano - Upright	70
Dog House	8
Cabinet - Medium	11
Box	4
BBQ	12
COAT TREE	5
Kitchen Cabinet	30
Wire Bin	2
Flat TV	11
shelf, plastic	4
.FLAT SCREEN TV - > 40" CP	0
Heater	3
BOXES	3
Table Leaf	3
PC TOWER	7
Arcade Game	46
.FURNITURE - LEATHER	0
chair, folding	2
Shelving Unit	9
Luggage Rack	3
Tile Saw	3
Globe Table	4
Hose	5
Shelf Plastic	3
Drafting Table	19
Table - Leaf	3
Gas Can	2
TV Wall Mount	4
weed eater	2
Mops & Brooms	2
Bar Chair - tall	5
Misc. Garage Items	2
Stroller Folding Meduim	2
Table Folding	3
.ORIGIN - VAN ACCESSIBLE	0
Wicker	5
Bed frame	10
Dresser Normal	25
Pet carrier cage	10
credenza	28
camping supplies	10
Plastic Tote	4
Headboard/Footboard	8
Craddle	7
chiminea	11
standing mirror	9
Book Box	0
CART	4
Chair-Plastic	1
Water cooler	6
Barrel	5
shredder	4
Misc 50 cu	51
t.v. table	10
hand tools	4
Lamp Carton	3
Cabinet, Utility	17
Dresser - Single 30	30
WICKER BASKET	1
Outdoor - Swing Set	39
Rocking Chair	9
fountain	14
Edger	5
Dresser - Tall	35
Bed -- Headboard	6
Sofa - Section	20
Monitor	4
telescope	9
washer	5
Chair - Occasional / Recliner	15
Wine Fridge	11
Chair-Whicker	4
punching bag	13
LCD TV- 46 inch tv	15
XMAS TREE	5
Milk Crate	3
cushions-lawn chair	3
Paper Shredder	3
Chaise	12
Band Saw	14
Plastic Toy	7
Child's Toy	5
speaker	6
Exercise Ball	1
cabinet, large	21
Rug Small	2
CUSHIONS	1
Tools -- Outdoor/Garden	10
misc.	15
bed headboard	10
Chair Mat	2
Bean Bag Chair	4
.ORIGIN CARRY < 100'	0
golf clubs	9
Trampoline - Exercise	5
Shelves - small	9
Misc HHG Item	10
Dog Kennel	4
GATE CHILDS	1
hammock	9
Table coffee	6
Antique Stero	7
Small cabinet	6
Chair-Aluminum	1
Tote Box	5
SCREEN	4
chairs-stack plastic	2
Shelves - Wood	3
PBO'S 4.5	4
Shopping Cart	2
Igloo	4
Cradle	8
.ORIGIN - SHUTTLE	0
Desk Table	8
Trimmer / Leaf Blower	2
bird bath	19
File Box	3
Rug - 8 x 10	10
Patio chair	3
Chest of drawers	15
Rug small	3
jack stand	8
totem poles	3
Walking Sticks	2
Towel Stand	1
Camping gear	3
Weedeater	4
Misc. Items	1
Hot Tub - Under 65 Cu Ft	386
Workmates	4
Copier	22
chair	2
Bike-Kids	3
KAYAK 14' & OVER	14
Chair - Wood	4
Floor Mat	2
Toy Kitchen	5
.ORIGIN - APT UNIT	0
Bed - Bassinette	12
smoker	10
Saw - Table	20
Cat Tower	7
Guitar - In Case	2
PBO - 1.5 - (BOOK BOX)	5
Wall Unit	49
duffel bags	4
TV Tray	3
Dryer-Electric	25
HARVEST TABLE	10
bar stool	2
Metal Wall Art	2
Firebox Insert	8
Misc 100 cu	198
Luggage Set	5
Desk computer	15
Fireplace Screen	5
Wheel Chair	7
Bed -- Footboard	2
Cabinet - Wood	9
Fishing Pole	1
Playset	28
canopy	4
PBO - 9.0 (WARDROBE)	10
crate	7
Printer - Desk Top	3
Garden tool	1
Tote Small	2
Arm Chair	12
Chaise-Folding	10
LCD TV-32	10
Radio	12
totes empty	1
FUTON	13
GENERATOR	16
pet carrier	5
Toy Tub	2
Hedge Trimmer	2
BEDRAILS	5
Bassinet	6
Saw horse	2
camping equipment	5
Pool Table - Comp.	24
.FLOORS - TILE	0
XMAS Tree	7
Chair - Arm / Papasan	9
Stereo Components	2
Bird Bath	9
Cabinet - Large	27
Chair - Metal	3
trunk	9
Chainsaw	3
Cot	5
PBO - 4.5 (LARGE)	5
bed footboard	5
edger	5
Table - Outdoor	9
skis	5
Aquarium	12
WINE BOTTLES	0
SKIS/SNOW BOARD	3
Rug - 5 x 7	10
duffel bag	9
CHINA CABINET	40
Self Metal	5
snowboard	7
Home Gym Built	63
magazine rack	4
Chimnea	7
3.0 carton	3
saw	14
Bird Bath (Check Weight)	8
Outdoor Table	7
Armoire - Large	38
Chair, Aluminum	1
Ice Chest	3
Christmas decor	5
Cushions	4
Cube	2
Shelves - Metal Small	4
Sofa Chair - Occasional	14
dog kennels	5
Gun Cabinet	11
Bricks	9
Jointer	12
Basketball hoop	14
Case	3
Patio table	14
Table - Coffee End	5
Chair - Beanbag	2
Bins	3
Plastic Bins	4
gate-folding	1
milk crates	1
Appliances - countertop	3
Chair-High	5
Wine	1
Umbrella-Stand	5
Toy Car	9
Shoe Shelf	3
Valet	4
.ORIGIN - DRIVEWAY PAVED	0
armoire	38
Dining - Table Leaf / Pad	2
Piano Bench	5
Tote Ctn	2
Dog Cage	4
SHREDDER	1
ice chest	4
POTS	2
Mat	2
AISLE	2
Chair Office	5
Xmas Tree	6
Duffles	5
Cage	4
Beach Chair	3
folding chair	1
nothing going	0
.IMPORTANT NOTE 2	0
.3RD PARTY - ADD TO BILL	0
Keyboard w/Stand	9
tote medium	7
kennel	4
Mirror - (Floor type)	5
Chair - Leather	10
cat box	3
BUFFET	34
Cart, 3 Drawer Plastic	5
ramp	4
Table-End	5
Desk small	12
folding chairs	2
Patio Set	45
TV	8
bassinet	4
Misc Boxes	3
horse	3
UMBRELLA STAND	6
Engine	51
water cooler	8
WAGON	4
Heavy Bag	7
amp	11
Folding table	5
Garden hose on reel	6
Wall Shelf	3
Garden Hose Reel	8
Table, Folding	5
Bouncy Chair	5
Tractor Trailer Access OK	0
compressor	10
Xmas tree	5
Wicker Chair	5
Safe Floor/Small	10
Silk tree	5
Umbrella	5
Sofa - Loveseat - Leather	30
Weight Bar	4
Vehicle - Year, make - model	0
tote-small	2
Air Hockey Table	17
Dresser - Vanity Bench	3
toy chest	8
jack	8
Kitchen - Chair	5
Ottoman - Leather	5
Mower, Power	15
HOT TUBS: 65' & OVER	104
Bike youth	4
Cabinet, small	9
Bar, Stool	3
4.5 carton	4
Tote -Plastic Packed	2
Outdoor Chair	3
.GLASS TOP(S) CP	0
Table - Breakfast	7
Tub	4
Headboard / Footboard	9
Dryer -  Not Going	0
Washer - Not Going	0
pedestal	9
Plastic Storage Bin	3
Table lamp	3
Shelving Unit - Large	23
Shelf - Wood	3
range/stove	25
racks	2
Cement Bench	20
plastic drawers	3
Gun Safe	79
Cabinet, Curio	20
Pedastal	4
Barrell	9
Firepit	10
CAMPING EQUIPMENT	10
MISC. TOOLS	9
LCD TV-37 inch	10
entertainment center	11
Glass Top	8
Xmas PBO	3
steamer	3
air mattress	7
LCD TV-55 inch	15
Clock	5
MISC TOOLS	9
Piano- Upright	70
Bench - Vanity	3
AMP	6
Rowing Machine	20
Rack - Shoe	2
Yard Tub	9
foosball table	21
shop vac	4
Hand Truck	5
Carpet - Medium	5
armoir	41
buffet top	23
MISC ITEMS	152
PICTURES	1
Bed, Footboard	5
Bed, Headboard	10
Drums	12
Chair Dining	5
Rack Shoe	2
METAL RACKS	14
tools	9
Shelf - Plastic	3
BB Hoop	21
TV - Flat Panel	14
Doll house	10
Tote - LG	6
gun safe	24
table bar height	20
China Cabinet	29
Pool Table Slate & 3rd Party	7
Coat Rack - Large	8
Tiller	15
china cabinet	31
Chair - Stack / Metal	1
Cooler - Small	2
Chair - Breakfast	4
Mirror free standing	5
MIRROR	9
Cooler - Ice Chest	2
ladder 10 Foot	7
Metal Rack	12
Clamps	3
Car Top Carrier	10
Step stool	1
workmates	6
Porch Chair	5
PBO - TOTE (UNDER BED)	3
Chair - Wicker	5
SETTEE	10
Hoop	7
Toy Box	9
Carton	4
Bar	19
CASES OF WINE	5
Bar - Stool	3
dryer	25
SAW HORSES	2
LCD TV-40 inch	10
Chairs-Folding	1
Record Player	17
fouton	25
TABLE SAW	15
ToolChest	105
Basinette	7
Birdbath	11
Shelf Metal	5
Weedwacker	2
RACK,SMALL	5
Chair - Computer	5
SCOOTER	1
Cat Stand	4
Washer/Dryer Combo	50
.FLAT SCREEN TV - < 40" CP	0
Garbage Can	4
basket ball hoop	17
statue	9
Washing Machine-Top Loader	30
CAMP GEAR	9
COAT RACK	2
Desk, computer	12
Cabinet - Plastic	7
Desk Computer	12
Chair - Lawn	2
Bike rack	3
Self Plastic	3
Patio Chaise	10
Plastic Plants	4
Plastic drawer	4
Bedframe	14
executive Chair	16
dish carton	10
Vase	2
Engine Stand	12
Hamper - Clothes	2
Chair, folding	2
Outdoor - Child Gym	30
Cabinet-med.	20
Exercise Bike	31
Speaker - Large (Blanket Wrap)	5
Weight Rack	27
Dorm Fridge	5
Plastic Drawer Unit	5
WHITE BOARD	2
Vacuum - Floor Sweeper	1
storage cab	20
Hamock	8
Pack-n-play	5
gate	3
Desk - Large / Office	31
Laundry Basket - large	9
BED - Queen	61
organizer	10
cat furniture	10
Bookcase-small	5
Food Storage	4
plastic Shelves	5
Arm Chair - LG	20
Bassenet	3
Chair, Rocking	5
Tool - In a case / Power Tool	1
Dresser, Mirror	10
cabinet storage	15
cat tower	10
Fan - Ceiling	5
DESK	12
Patio Chair - Metal	7
Desk - Hutch	10
Net	2
Brooms, Bucket	3
Playhouse	18
LCD TV-48 inch	15
Juke Box	51
Drum Set	20
LCD-60 inch	20
Toy chest	6
Fireplace	29
File Cabinet-4 door vertical	10
Wardrobe	10
BOAT TRAILER	190
washer/dryer combo	60
Kids kitchen	5
Chair - Light	2
Plant	6
Cabinet - Utility	12
Ceramic Pots	9
Tent Camping	5
desk - small	10
Credenza - large	18
Tote - Small Packed	3
Tote - Large Packed	7
PBO's moving	3
chair, dining	8
Wicker Bench	9
Toy	1
Music Stand	1
basket	2
CARD TABLE	1
bin, large	10
Chair, Dining	4
Guns	4
grill	13
Exercycle	7
Table Sofa	7
ELLIPTICAL	20
PLASTIC SHELVES	7
Chair, Kitchen	5
Chair Beech	2
Chair Metal	2
Table Patio	10
planters	2
Miter Saw	18
Plastic storage bin	2
Dresser-Chest	30
Vise	9
Basket Ball Hoop	10
Shelving, Plastic	4
cabinet plastic	4
duffle bag	5
Mirror With Feet	5
Battery Charger	4
PBO - TOTE (MEDIUM)	4
Washer - 3rd party	25
Washer - Front Load	32
Fishing gear	5
Ice chest	2
Head board/foot board	20
MATTS	1
Floor mirror	8
lawn edger	5
book carton	7
White Board	2
BBQ - Smoker	5
Tool Chest - Large	38
Sweeper	2
Table-Patio	18
Shoe shelf	2
Treadmill - Large	30
Shop vac	4
KAYAK UNDER 14FT	6
-	0
Util - Dryer	25
Bench-Small	4
Bed-Roll Away	2
lamp floor	3
Carpet - Large / Pad	10
pots	8
buckets	2
Wheel	2
humidifier	3
Chair Plastic	1
Sculpture	10
.STREET / PARKING INFO:	0
Dryer - Electric	24
MISC CUBE	11
Saw Horse, Folding	2
Cabinet - Corner / China	26
Clothes Hamper	2
washer, front load	25
File cabinet	5
Antique Desk	9
Tote-Medium	7
Camping Gear	6
Plastic Bin - Large	5
Range/Stove. 36"	30
Shelves - Plastic Small	4
Organizer	3
Christmas Ornaments	7
Goal	5
Appliances- Counter Top	3
Hutch - Bottom	25
Porch chairs	2
Notes - For Current Room	0
Patio chairs	4
small table	3
Toys	6
Plastic Drawers LG	5
Nothing Else is Moving	0
Gas can	2
HAMMOCK	4
Wardrobe PBO	10
Dresser - Small	10
plastic shelves	4
tube	1
Saw-Table	10
Kiln	16
table-card	2
miscellaneous	13
Wheelchair	14
Motorcycle	57
Weight Stand	8
Camp Gear	3
Chair - Adirondack	6
Locker	10
Plastic Bucket	3
Gun	2
Whiteboard	5
Creeper	4
Rototiller	17
Kids Kitchen	4
Desk-Computer	17
Table, Coffee	13
table base	8
notes	0
CANOE 14' & OVER	12
Bed- Headboard	5
Cat Tree	7
trailer	72
Kitchen Island	16
Gazebo	26
PBO - 2.5 (MIRROR CARTON)	2
outdoor dining table	30
Table - Child / Train	5
Car Ramps	4
Compressor, Air - Small	4
Carpet - Small / Runner	2
TV Stand	6
Shelf Large	8
BED FAME	8
snow skis	2
Shelve Plastic	4
TV LCD	5
cabinet -small	10
cabinet-medium	20
Globe	3
BAG	3
drill press	30
Work Bench - Small	15
Bath Shelf	3
Dollhouse	4
Cabinet-Large	32
Cat tree	5
GATE	1
Lawn Edger	5
TV - 32" LCD/LED	13
plastic chair	1
Grill	14
Wine Cooler	16
.DESTINATION - ACCESS UNKNOWN	0
Razor scooter	1
Wood Swing Set	93
Table - Patio Metal	4
Concrete Item	16
Printer Large	3
CHOP SAW	5
Refrigerator - Not Going	0
Plants	2
globe	8
Island	19
Shelf - Small	3
Book Shelf	5
CAR SEAT	7
pack n play	8
Canopy- portable	8
Computer - monitor	1
golf cart	109
rock	8
Radio Arm Saw	27
Safe - Small	10
PBO - Computer Monitor	2
cat tree	21
fireplace	25
Swingset	85
dresser mirror	10
Camping Equipment	6
car topper	9
Dog cage	4
Ski's	3
Chair - Child's	1
Car Seat	6
Hockey Bag	8
Work Mate	3
Humidifier / Purifier	5
Mirror - Small	3
TV - Large	20
Bed - Bunk	40
Chair - Occasional Leather	19
Chairs Folding	1
Chair metal	3
play house	88
Pot	5
Patio Table - Small	2
Misc Yard Tools	0
Amoire	35
All Terrain Vehicle	83
Tool	1
PC - Flat-Screen	3
Shop-Vac	7
Tools - Power-hand tools	2
Bed - head/foot/rails	6
Settee	19
Lamp, Floor	3
Cabinet Small	8
Desk Chair LG	10
Folding Table LG	5
Vacuum - Shop	4
Arm Chair - Small	6
Plastic Drawers Small	2
TV-19 inch	9
SNOWBOARD	4
Ski Set	3
Weight Set	36
XMas Tree	9
Lawn Spredder	2
DESK,CHAIR	5
Coffee Table	11
Carpet Cleaner	6
Glider	14
Car Jack	10
Christmas decor large mesh	4
Milk Can	5
chair - desk	5
Guitar Stand	2
Guerrilla Rack	21
Sofa - Hideabed	50
Garage Misc.	40
Printer - Desktop	3
Wagon Kids	5
weights	39
Dart Board	4
Vacuum - Shop Vac	7
Table - Outdoors	10
Recliner	25
Plastic plant	4
Auto Storage For Top Of Car	9
Wood kids kitchen set	4
Corn Hole	6
bench, small	5
Magazine rack	2
BASSINET	3
Bike Trailer	6
Flower Pot	3
Tote 3	3
Eisle	8
Basketball goal	18
Yard ornament	6
Popcorn Machine	9
Tote small	2
Chair Patio	5
Toy Shelf	5
rack wardrobe	10
fish tank	10
Freezer - Small (Empty)	14
pboa 1.5	1
Snow Board	5
Bookcase - Plastic	5
rifle	4
Bed Rails	2
trailer /cart	15
1.5 cube carton	1
Hand Tool	2
Concrete Stand	13
gun cabinet	23
fishing poles etc	5
Heat Lamp Outside	9
.FLOORS - HW MOST/ALL OF HOME	0
.ORIGIN - DRIVEWAY - PAVED	0
.PETS IN HOME	0
PBO - TOTE (LARGE)	6
Kitchen Table Leaf	1
Sports Equipment	5
pet crate	4
Chest of Draws	12
valet	4
DOLLY	5
DVD / CD Rack	6
Washer, Front Load	25
Table Base	12
Ottoman - Leather - Large	10
Tire / Wheel	2
Shoerack	2
Bike Rack for Car	4
3 Drawer Tote	2
ATV	67
Table small	2
CHANGING TABLE	8
Refrigerator - College Style	10
.PAIRS AND SETS	0
gun case	1
birdbath	13
Shop Press	29
Cut Off Saw	10
PBO - Computer	3
matts floor	1
table saw	26
aquarium	50
plastic chairs	1
Shuttle	0
3rd Party Required	0
Mats	4
Notes - Current Room	0
Sports Bag	3
quilt rack	4
Table Coffee	10
Table - Child's	2
Dirt Bike	11
bean bag	5
Plastic Bin	3
walker	1
Quilt Stand	5
Bookshelf, Large	17
Tool Chest	16
Porch Table	10
Rack - Wall	2
Antique Chair	5
Fireplace - Faux	15
Slide	4
Futon Bed	23
Futon - Large	26
Deco	6
BED - Twin	38
Animal Kennel	3
Rattan Wicker - Chair	7
Boogie Board	2
File cab 2 dr	10
AA Carrier Pack	0
Copier/Small	5
TV Cabinet	15
Cabinet-Medium	10
wardrobe	10
Plastic Bin Large	4
Tools - Small Handtools	0
Room divider	8
Mini-Chests	2
Bench - Wood	5
outdoor table	9
Video Cabinet	13
Bookcase - LARGE	30
Cooler  LG	5
Wastecan	2
Heater-Outdoor	10
Car Carrier	9
Table-patio	13
Misc Box	4
Tote - small	3
table- folding	2
LCD TV-42 inch	10
Coke Machine	26
LCD-TV 65 inch	20
Stroller-Double	10
Lamp-Floor	10
Freezer	11
PLANTS,FAKE	5
BIRDBATH	22
SKIS	2
STATUE	13
Piano-electric	28
Matresses	10
SHELVES,PLASTIC	5
Shelf Industrial	20
Work Bench Sm	20
Child's Chair	1
Cornhole	5
Swing Set	90
Canoe	38
Wardrobe Not Moving	10
Bench - vanity	1
Chair - Boudoir	13
SCREDDER	5
Chair, Bar	10
Lawn Seeder	5
Bench, Wood	11
shelves - wood	5
Desk - Kids	10
Door Mirror	12
umbrella stand	3
Bed - Waterbed Base	23
bed frame only	3
butcher block	21
Barbells	10
DRILL PRESS	17
B-BALL STAND	15
Stroler	4
WINE CASES	3
Broom	1
Cabinet, Small	10
Car Parts	12
Car ramp	2
Nothing in Room Goes	0
RIFLES/SHOT GUNS	1
SPEAKERS	4
Tool Chest Hand	2
Garden Pot	3
Shampooer	4
.BULKY - PIANO (UPRIGHT)	0
.UPHOLSTERY - SHRINK WRAP	0
chandelier	8
Straw Basket	3
Dry rack	2
music stand	2
Pack n play	4
Umbrella Patio	12
Yard Bin	5
kids bike	4
Chaise - Plastic	8
skis, cross country	4
Box Spring	9
Painting	2
table	3
Washer/Dryer Stackable	40
doghouse	10
BOAT 14' & OVER	46
chairs,plastic	1
Yard tools	1
door	8
cot	6
.MARBLE TOP(S) CP	0
Nothing Goes	0
blanket rack	4
fishing poles	3
mattress	9
tiller	14
Dresser, Single	29
weed wacker	4
PLAY TABLE	10
Rock	45
car ramps	4
Utility Shelf	6
Sprayer	4
Wagon Plastic	5
Instrument - In Case	1
hand truck	3
TV tray	4
Picture - Canvas - framed	3
TOTE - Medium	5
Util - Wash Machine - Top Load	25
chain saw	2
cradle	9
Shelves Plastic	3
.PACKING - CUSTOM	0
Buffet - Hutch	22
Lamp Shade Carton	3
weight bars	4
Bicycle - Small	3
Dresser, single	30
Crates	32
Desk Hutch	10
Record Cabinet	10
Bamboo	4
Table - Work	10
Dust Cleaner	35
Table Legs	6
Play Set	10
XL-PLASTIC TOTES	10
rocking horse	2
.STRAIGHT TRUCK NEEDED	0
Elliptical - Large	26
Razor	17
Concrete Yard Art	30
Outdoor Umbrella	3
Ski Equipment	10
Table - Base	9
BBQ Grill - Weber	2
Humidifier	3
.EXERCISE EQUIP - HOME GYM	0
Weights - ALL	52
ARMOIRE	23
Cabinet - Metal	8
Rack - Metal	5
Table - Library	11
head board	6
MISC 5 cube	5
MATTRESS	13
DRYER-electric	20
SHELF	10
Tools - misc.	2
AA Shuttle	0
Folding Cot	5
Oscilloscope	6
Camping Equip.	3
composte	15
Room Screen	7
Chair -Metal	3
Table - Folding Large	4
tractor	64
paper shredder	2
Jacks	3
Patio set	25
Kennels	2
Bar Stools	5
Chain Saw	4
Already Packed Box med	3
Desk - Child's	7
Chair,Folding	2
Desk - PC Large	30
Music stnd	3
Mirror, Large Wall/Floor	10
Desk - PC Small	13
drawers (plastic)	5
Rack Small	2
Tote-Plastic	5
Plastic Bin 4	4
picture/mirror cartons	3
Bedframe Only	6
hutch	30
Doghouse	25
Misc tools	15
Aquarium Stand Wood	20
Cradenza	20
Matt - Rubber/Gym	2
pots bronze	7
Minimum Crates	0
CREDENSA	30
CAR RAMP	3
4.5	3
Hot Tub	70
TV 27	25
BASKET	4
MISC WOOD	10
BAGS OF CLOTHES	5
Refrigerator - Small	10
LCD TV- 65 inch	20
Weight Bench Normal	12
Shelf Sm	2
Cart - Kitchen	6
Table - Kitchen Sm	12
Cabinet - Bath	5
Wedding Dress PBO	4
PBO' Books	5
Baby seat	1
Toy - Kitchen	6
PBO	3
DOLLHOUSE	5
Wood Chipper	22
Lawn tools	8
Dog bed	2
Snack Table	3
Tent Bag	10
footlocker	5
Shoe Rack - Small	3
instrument no case	2
.ORIGIN - ELEVATOR	0
2 Wheel Dolly	3
Exercise Ball - Deflated	2
Futon - Sofa Bed	35
Picture - Canvas - no frame	3
Table - Outdoors- Large	15
snow board	5
Nothing goes	0
bed rails	7
B-Ball Hoop - Kids	3
Carpet - Large	10
Clock - wall	4
FOUNTAIN	26
shelf-wood	2
floor jack	9
Desk Top	8
Mantle	16
Table-Stone	42
Yard Ornaments	6
cat condo	8
EZ up	18
Metal Chair	5
Gun case	4
SAW HORSE	1
Bench, Small	4
Mop	2
Tv trays	3
Desk, Chair	5
Cubic Foot Crates	1
Duffle Bags	4
safe	21
Plastic Toys Large	9
Coat rack	3
Auxiliary Service	0
Straight Truck Only	0
Small PBO	2
Table, Sm	2
Table Lg Folding	10
PC computer and Tower	4
Fouton	20
Stg bin	9
wood pcs	11
Chest - Plastic	4
Table - Folding Banquet	6
Christmas Decor	4
Washer--Front Load	35
Bed - Trundle	37
cube	3
BED FRAME	5
Gum ball Machine	5
Mannequin	7
Flag	3
WINE COOLER	6
Sink	7
Rack - Small	3
basketball goal	22
headboard / Footboard	5
Nothing going	0
Blinds	5
wine cooler	16
bed futon	30
NOTHING GOING FROM THIS AREA	100
Sleeping bag	2
Sofa Sleeper	50
Skies	5
Toy box	5
Wood- figure weight	7
drums	5
.DRIVER - RURAL AREA	0
.IMPORTANT NOTE 3	0
Bed -- Box Spring	10
Mower - Riding (NO GAS)	50
Roll Away Tool Chest	75
Bball hoop	23
Mop bucket	4
Cart Kitchen	7
Table Saw Lg	35
Yard Statue	10
Bicycle, Child's	2
Snack Tables	6
Tote Empty	2
Desk Chair - Leather	10
Drum Kit	11
Storage Cabinet	10
Kegorator	15
hutch bottom	20
BEAN BAG	6
dry rack	1
Engine Hoist	26
Jack Stand	2
Kennel	5
Lawn Edger/ Weed Wacker	5
Metal Stand	12
Cedar Chest	11
Bed - Frame Only	10
Bed- Headboard, Footboard	10
Safe -- Small	13
PBO - 8.0 (DISHPACK)	8
Pot - Clay (Large)	8
Washer - Cust to Service	25
AIR CONDITIONER	10
PUNCH BAG	8
TV Tray Set	5
car jack	8
bird cage	11
Oxygen Tank	4
Face Mask	4
rug small	3
.CUL DE SAC - OPEN	0
PBO - Computer Printer	2
Cat Stand - Large	10
Masonite	5
Ladders 3'	5
Clothing Racks	5
.MARBLE TOP(S) CRATED	0
Ship	5
cushions	2
grinder	20
Table-end	5
Garden tools	8
Pack N Play	8
Cabinet - Wood (Small)	4
Table - Wood (Small)	2
Outdoor - Child Slide	8
desk child's	8
tools hand	3
Saw horses	5
air hockey table	25
stone statue	10
Universal Gym	40
equipment	10
Bed, Frame	10
Table, Patio	10
mats exercise	4
.CUST 2 SERVICE - DRYER	0
.DRIVER - STREET IS NARROW	0
.EXERCISE EQUIP - ELLIPTICAL	0
Workbench - Large	25
Audio Cab	12
Sweater Chest	5
reindeer	1
FOOT LOCKER	8
VANITY STOOL	3
SHEPARD HOOK	1
WIRE BENCH	20
Garden- Hand Tools	1
Shelves-Plastic	5
Bicycle - Rack	2
patio chair	3
Cabinet small	7
JACK	7
Vacuum - Carpet Cleaner	3
Fish Tank Stand	10
Tredmill	36
Antique Table	5
Dress Form	5
Chair - Wooden	3
shelf decorative	8
PBO - 6.0 (X-LGE)	7
Plastic Totes	5
SHOE HOLDER	5
chainsaw	5
Cement Table	20
Desk - Youth	10
Tote - 3 Drawer	3
Chair - Aluminum/Plastic	1
Weed Trimmer	3
Car Bench Seat	10
pool	6
Wine Rack - Floor	5
CLOTHES RACK	2
TRUNK	8
WASHING MACHINE-top load	25
Chair medal	3
Table.sm	3
Chair Matt	2
Metal	5
TV Stand - Small	7
Crate - Small, Plastic	2
Yard Art - Small	2
SWING-A-MATIC	2
Rubbermaid Shed	12
AA Crate	0
Golf Pull Cart	3
Shelf Wall	3
Childs wagon	10
Wood Kitchen Play Set For Kids	5
Gun / Rifle	2
Gun safe	79
Basonette	12
jewelry cab	12
Marble Top	13
Pak n Play	10
Schredder	3
Nothing	0
 Bicycle - Rack	5
Bankers Box	4
Wall Cabinet	8
foot locker	10
table top	6
Games	3
Plastic Shelves	3
Miscellaneous Item	60
Vas	8
tools-hand	1
Lateral cabinet	25
Skateboard	2
Bird bath	5
Shelves - Wood (Small)	3
Golf Caddy	3
Tool Chest - Medium	28
Dryer - Electric - 3rd Party	25
Already Packed Large	4
trimmer	2
Chair, Wicker	3
Desk - Childs	5
WEEDEATER	2
YARD TOOLS	3
CUBBIE HOLES	9
Desk/Small	22
Tools/Hand	2
Gear Bag	4
Car Ramp	6
Deck Box - Large	8
light fixture	6
Chair, Metal	3
Tv Trays	2
Weed Wacker	3
Mirror/Large	8
Shoe/Rack	2
.ORIGIN CARRY > 100'	0
Soccer Net	5
Tree	12
Metal Cabinet	19
PLASTIC DRAWERS	3
Dorm Refrigerator	12
Plastic Shelf LG	5
BBQ Grill - XLG	20
NOTHING GOING	0
Bench Seat	4
Wood Pieces	4
Inversion Table	12
WARDROBE NOT MOVING	0
Bicycle - Child's	2
nothing else in this room	0
Tool box	2
Strollers	4
.FLAT SCREEN NEW TV CARTON	0
table-folding	3
Pole Lamp Carton	10
Toys - Assorted	5
Tote 5	5
Dresser - Bureau	27
CHAIR FOLDING	1
shelves plastic small	5
nothing more going	0
Piano-Upright	70
Bicycle_Kids	3
Computer Monitor	5
TELESCOPE	5
Cabinet - Jelly	19
Smowboard	3
Umbrella- Stand	5
MISC HHGS	13
BIRDCAGE	10
LCD TV-52 inch	15
dolly 2wheel	10
SPINNING WHEEL	5
Water Fountain	21
Table - Sm Outdoor	3
FOOTLOCKER	6
Mirror - Dresser	4
Table-Changing	8
Horse	6
Baby carrier	1
WEIGHT	14
TRAMPOLINE	20
Table-Massage	13
Bed-Youth	10
Trailer	44
Lounge Chair	15
Pool Float	5
Dryer Electric	25
Washer Top Load	25
Lawn Edger/Trimmer/Weed Eater	5
Computer - Printer	2
kiln	16
Plastic bin	3
Shelves - Wooden	10
Baby Swing	3
punch bag	10
Planter-Small	2
Skiis	3
Nothing else goes	0
BAR STOOL	7
Bench - Leather	6
Artificial Plant	3
Piano - Baby Grand	70
Stepper	6
Stove	11
Drum  Set	20
Garment rack	5
Organ	45
Mirror Framed	15
Harp	15
Hamm	8
cage	2
Lawn Cart	17
Basketball Goal-Portable	20
WOOD BOXES	3
DOOR	7
EDGER	2
artwork	8
Stacking Chairs	4
Wardrobe Rack	3
Fishing Equipment	5
Refridgerator with Ice Maker	60
CHADELIER	10
Punch bag	8
Vacuum Sweeper	2
TV LCD PBO	7
PLANT	8
Vacume packed bags	5
Chop Saw	7
Power Tool Med	12
Table Wicker	4
Foosball	25
Woodstove	35
Table - Console	9
Camp Items	3
Cooler / Ice Chest	1
Shelf Unit - Plastic	3
China cabinet	40
Lawn Ornament	9
Toychest	10
ramps	6
Microwave Cabinet	10
baby gates	1
treadmill	23
Chair, High	4
PBOA books	4
Bookshelf - Folding	3
Sleeping Bag	2
Foosball Table	17
Chair - Padded	9
Paint Sprayer	4
boards	10
Metal Chairs	3
Easel - Child	2
Chaise Lounge - Yard	3
Lg Mirror	12
Table -Extension Leaf	2
Table - Drafting	33
Bicycle Child's	4
Dog Crate / Kennel	7
Chair - recliner	27
Suitcase - Empty	2
Utility Trailer	66
Display c.ase	8
Stereo	3
hockey bag	6
sleeping bags	10
mirror large	7
tools mic yard	2
Misc HHG - Basement Item	1
Stand - Plant	2
Luggage Set - Empty	5
Hall Tree - Large	10
Generator - (NO GAS)	45
Cabinet - Curio	12
LCD T.V.	10
Lamp - Floor/Pole	2
bike stand	10
Bicycle - Kids	3
Table - Folding Small	4
misc items	121
Heater Tower	28
Bow	2
Chair Wood	5
Urn	3
Christmas tree small	4
Bed - King  (Memory Foam)	80
love sac	15
TV - Tray	1
Car jack	17
Additional weight	70
Book shelf	5
Bar stools	4
barrel	5
Desk-small	15
pot	4
Cabinet Large	23
DOG CAGE	2
Partitian	7
Garage Sale Pile	25
Sofa - Recliner	45
x mass tree	20
small stand	3
Compressor Large	35
Toaster Oven	2
Wall Clock	3
Room screen	3
Patio Heater	13
Cargo Carrier	18
HAND GUN	0
bicycle trainers	3
headboard/footboard	11
jewelry box	5
CAGE	5
Weight bar	7
Sentry Safe	8
Kitchen Trash Can	3
Mirror Door	1
Stand Small	1
Carton - Med PBO	3
Washing Machine - Front Load	25
Towel Rack	1
Chair - Lounge	8
Doll House Small	3
Fishing Poles	2
Rubber Mat	5
Art Stand	3
COMPRESSOR	11
Stroller -- Jogging	10
Lawn Tools	2
Chairs- Metal	5
Table-Sofa	10
Car Part	8
Chair - folding	2
Weights (50#)	8
Clothes Rack - Large	5
GUN SAFE	30
Duffle bag	6
Desk top	10
SAND BOX	3
Skim Board	3
.MOVER TO DISASSEMBLE:	0
.IMPORTANT NOTE 4	0
.LOT NOT GOING	0
Dog house	8
EMPTY SPACE	0
Wall Art	3
Sofa - Chaise Lounge	25
Chair - Beach	1
dress form	6
B-Ball Hoop	30
coolers	3
Tank	9
.PLANTS NOT SHIPPED BY MOVER	0
.UNPACK - MATTRESSES ONLY	0
sideboard	28
Table - Wicker	2
wheel	5
Shop Saw	20
Xmas Ornaments	5
Duffel bag	6
wheeler chair	10
Weight Machine	20
Stereo Cabinet	11
Gate - Baby / Pet	1
Kayak <14'	5
air bed	3
garbage cans	3
swing love seat	60
Dog Agility Equipment	10
Instant shade	9
Matt Rubber	2
Pool Rack Stand	5
Silk Tree	7
Xmas Ornament	3
Bass Box	4
Scooter Toy	2
Self Industrial	20
Swingset Wood	133
Table Sm Outdoor	3
GLASS PIECES	3
MEDIUM-PLASTIC TOTES	5
Snow board	8
Cello	8
Safe, Small	8
totes	4
.CUST 2 SERVICE - WASHER	0
blower	2
Fishing Pole /Gear	1
Refrigerator - Cust to Service	30
baby swing	5
child's car	8
loom	20
weicker shelf	1
fire hydrant	6
hose	2
Washing Machine - Top Load	25
Misc Cube	5
Jeep Soft Top	15
Trailer Deck	10
Yard Cart	5
DINGHY 14' & OVER	15
Hamock Stand	10
patio table	10
.EXERCISE EQUIP - TREADMILL	0
bike parts	1
Wicker Trunk	8
Chaise, light	4
Chair Lift	3
Pack n Play	3
Bin - Large	15
Podium	6
Outdoor Small Table	3
Chair - Sun	1
shop vacuum	5
tripod	5
clothes racks	5
.BASEMENT ~ MANY LARGE ITEMS	0
.BULKY - MOTORCYCLE	0
Motorcycle (Large) (NO GAS)	83
Tool Chest - Medium (Full)	75
Toy Car/Jeep	5
Loom	93
TABLE-SMALL	2
TABLE	8
Eisel	2
Child's Car	5
massage table	13
Antique Refrigertor	10
Christmas Tree - Large	20
Freezer - Large (Empty)	30
Chest - Jewelry	6
Plastic Bin - Medium	3
Glass Top - Small	5
Mirror - attached	8
Shoe shelving	5
Cabinets	15
Chaise Lounge - Overstuffed	25
Bamboo Chair	3
Rubbermaid Chest	10
Dividers	10
PLASTIC SHELF	2
TRASH CAN-small	3
Tree Stand	5
Chair - Game	6
Punching/Speed Bag	5
Stuffed Animal	5
Bed - Box Spring	5
wine refrigerator	20
Chair-Wood	5
Easil	3
Sofa - Hide/Recliner	50
Desk-Childs	5
X-Mas Tree - Large	10
Util - Pedestal - Washer/Dryer	6
Rattan Wicker - Table	3
Stone Sign	35
Piano - Spinet	52
Flooring	5
Plastic Tubes	3
Cabinet Drysink	10
Tub 5.0	5
bag	9
Plastic Chair	1
Refrigerator - College	7
Chair - Beech	2
Roto Tiller	13
Table Folding Large	10
boggy boards	2
crib parts	5
oars	1
Table-Butcher Block	20
Aluminum Chair	1
Saw Horse5	5
Play Structure	100
framed photos	3
Bistro	5
Heater - Small - electric	2
Outdoor Furniture Cushions	2
Washing machine frt load	40
Shed Plastic	4
computers	5
Shelves - Shoes Metal	2
Guerilla Rack	16
play pen	6
Bin	4
Art Easel - Child	3
Wagon - Child	7
3 Panel Screen	5
fishing poles bundle	5
Washer, Front load	25
PBO MIRROR CARTONS	4
Dog House Plastic Medium	7
Table Small	1
monitor	4
Piano, Electric	18
Rubbermaid Rack	5
Hose reel	5
TABLE FOLDING	2
FOLDING CHAIR	1
FISH TANK	5
Dog Cage / Kennel	5
Riding Mower	40
Outdoor Decorations	5
Tool Caddy	5
Mirror LG	6
Art Items	4
Already Packed Box	1
No Items in this Room Going	0
Chair, Recliner	16
BABY GATE	1
TABLE-SOFA	7
Head Board & Foot Board	20
.ITEM NOTE	0
footboard	5
Desk - Section / Sidebar	16
bench, boudoir	9
Chair, Plastic	2
Subwoofer	7
BBall Hoop Portable	31
Cage bird	4
Lantern	6
Corn hole boards	3
Shelve - Shoe	5
WARDROBE	8
Tote empty	1
Plastic Cabinet with Drawers	5
BOW	6
Desk/Office	33
Wash Stand	13
Tote Medium	5
Storage Box	10
Shoe box	12
Mops/Brooms	2
rack - misc.	15
Christmas decorations	3
table - glass top	10
Misc Item LG	22
Air Hockey	9
Stack Chairs	5
Ladder Small	3
Power Tool - Lawn Small	1
Exercise Home Gym	38
Plastic Shelf Small	2
Cooler Small	3
Wood Art	10
pin ball machine	40
Sporting/Goods	2
CRADLE	6
Child Bike	5
Plastic Chest	5
card table	4
Porch Table LG	20
Easel - Child's	1
Bar Stool - Small	3
Chair Straight	5
patio furniture set	20
cat comdo	4
Chair-folding	2
.CRATES - 3RD PARTY	0
Drying rack	1
Wine Rack - Small	2
clothes hanger	3
LED	8
Tote- Medium Plastic	5
Rack Med	5
LCD/plasma tv	10
totes medium	4
HEAD BOARD/FOOT BOARD	15
Microwave	4
Baby Accessories	18
Mirror Carton Large	5
Hobby Horse	2
RUG SCATTER	2
garden decoration	5
Bicycle - Childs	3
Bench-Weight	10
Saw-Mider	20
Table-Saw	10
Sheer Brake Machine	150
Welding table	150
Garden Seeder	5
TV- Flat	10
Empty	5
Refrigerator - Wine	40
Aquarium Lg	30
Cabinet - Plastic Storage	8
Cart - Micro	7
Stereo Rack	15
TV Normal	7
Ornament Metal	7
Shelf Wood	5
Kegerator	50
Fireplace-Portable	30
Polygraphs	50
ATV UNIT	40
FISHING EQUIPMENT	5
ROTOTILLERS	15
Chipper	30
Vending Machine	35
Serving Table	30
Wire Rolls	10
Grandmother Clock	17
workmate	5
Table Top	6
CANOPY,SMALL	4
Washer/Dryer- Stackable	50
VALET	3
Easle - Kids	3
Easle - Lg	5
CHAIR,FOLDING	1
Bag of Clothing	2
Laptop Computer	1
Slot Machine	22
Umbrella Holder	3
matt	20
1.5	0
PLANT STAND SMALL	1
Auto Jack Large Metal	10
Easy Up	6
Weight Punching Bag	8
Cat Carrier	3
Skis, pair	3
TV Medium	15
Clothes rack	8
X-mas tree	10
popcorn machine	17
table - pub	10
bicycle	5
washing machine (front load)	30
Desk - Medium	10
Office Chair Mat	3
Cabinet - Video / TV	10
Stereo - Component	2
Bed - Head Board	10
Baby gate	2
Table - Nesting	4
Trash Can - Large	7
Luggage - Large	3
Desk - Rolltop	42
Arch	20
Air pump	7
PLASTIC BABY EQUIPMENT	2
Water barrel	4
.ATTIC NONE	0
.BASEMENT NONE	0
.DESTINATION - APARTMENT	0
Lamp - Table	2
 Hamic	10
Side table	10
bed, headboard,lg	10
steam cleaner	10
bike box	10
desk with Return	40
.ATTIC - NOTHING GOES	0
Pack - n - Play	3
Dryer - 3rd Party (F.L.)	25
W/D Pedistal	5
Kids Car	10
LCD TV- 60 inch	15
dollhouse	11
Christmas tree in box	4
Footlocker, Large	8
chair, recliner	16
Table,sofa	10
lawn edger/trimmer	3
outdoor metal chair	5
LCD TV-26inch	10
Curtain Rods	3
Plastic Bin Small	2
Plastic Plant	5
froze ball table	10
fire place	15
iMac	5
AUTO PARTS	8
ENGINE PULLER	20
Electric Piano	20
trundle bed	60
Litter Box	2
trays	5
G-CLOCK	13
Sauna	47
Pedistal	6
Desk, Small	16
bean bag chair	7
Bird Bath - Concrete	12
Blower	5
Jack small	5
Folding Screen	10
Tray Tables	5
Lumber	10
Car top carrier	9
JET SKI 14' & OVER	100
Light Fixture	4
Baby Item	2
wire rack	2
Air Compressor, Lg	25
Bike Stroller	3
Chair Wicker Lg	5
Desk School	4
Wood Rack	5
Sub woofer	9
Cart Metal	5
Dolly 2 Wheeler	4
piano electric	12
sound bar	1
METAL LOCKERS	9
File--2 Drawer Lateral File	25
Chest 2 drawer	10
Wheels	1
.EXERCISE EQUIP - OTHER	0
.FLAT SCREEN ORIG BOX PBO	0
Stand - Music	3
bed bench	10
Beanbag Chair	3
ARTWORK	12
BINS	7
pboa 3.0	3
Table - Desk	10
bicycle carriage	5
jewelry chest	5
Light	3
Log Splitter	32
car top carrier	11
Projection Screen	10
tramlione	10
Bassinette	10
Playhouse-Plastic	10
sawhorse	3
Rug Shampooer	4
wicker	6
Dryer - Gas - 3rd Party	25
Box Dollie	5
Tote, Empty	2
candle stand	1
Bed Trundle	30
Desk -Office	65
TV -Stand	10
Bird Bath (cement)	15
Chair,Plastic	1
Hose Reel	4
wood pieces	4
Bakers Rack - Wire	10
Shelves- Plastic	5
Washer/Dryer	50
Table - Folding.	5
Return	15
gun	2
No Items Moving	0
Cabinet Plastic	4
Rocking horse	2
Bicycle childs	3
Clock - mantel	2
Tent - small	7
go cart	35
Lawn tool	2
.ORIGIN - FLIGHT (INTERIOR)	0
beanbag	5
Pedastals	10
Step	1
Bench - Outdoor	11
Christmas Tree - Small	10
Shelves - Shoes Wood	2
Weber	2
plastic stand	5
Cat scratch	7
TV - Normal	7
Desk Sm	5
Yard Trailer	10
Cages	5
Camper shell	20
Basinet	4
tray table set	5
food	7
wood box	6
Shreder	3
Stroller -- Umbrella	3
TV - Old CRT	15
wreath	2
scale	7
pappason chair	10
BIKE RACK	10
Oven - Not Going	0
Jewelry box	7
Sto. Tubs	5
skiis	5
Patio Furniture	12
Office Desk Chair	5
Dresser - Wardrobe	30
Magazine Stand	5
Vanity Stool	5
AA special information	0
statuary	21
TV, LCD	10
Pallet	6
Fire pit	10
Washer Front Load	24
sub woofer	6
dog food containers	5
Mattress - Queen	20
Carton - Large PBO	4
Misc - Small	4
Carton - Small PBO	1
child's school desk	2
Tote - SMALL	2
Wicker Dresser	25
Wicker Table	7
Fire Place	17
Board	8
Manger	1
Sleds	1
Toy Bin	3
Plastic Chairs	2
dorm refrigerator	10
Trolling Motor	11
plastic bins	5
Toaster oven	2
Tote - Flat	2
Mirror, Floor	12
Sub Woofer	2
RAMPS	4
Hall Tree	22
Mattress - Twin	6
Water Softener	16
Chopsaw	7
Air compressor	10
spreader	1
Toolbox (hand)	5
Shelves Wood	5
Hose Wheel	5
Dryer - Cust to Service	25
tv trays	2
Xmas Decorations	7
Drafting table	8
LATERAL FILE	10
SWING/ PATIO	15
monitors	5
wine cabinet	22
Cornhole Game	7
Go Cart	36
Gun Case	5
Computer Tower	6
BOOKCASE 50	7
BUFFET 120	17
CHAIR 40	5
FILE CABINET 150	21
Basket- Laundry	1
.Carry @ Loading < 100'	0
.Driveway @ Loading - Inclined	0
.Flooring - Carpets	0
.Flooring - Tiles	0
.Furniture - Upholstery	0
.Important Item 1:	0
.MOVER TO REASSEMBLE:	0
.Van Accessible @ Loading	0
.ORIGIN - DRIVEWAY UNPAVED	0
.ORIGIN - SHUTTLE EXPLAINED	0
trundle	5
dog gate	2
desk-smaller	15
Wicker Item	4
bed frames	10
Electric Wheelchair	20
bucket	5
cabinet wood	15
Fire Ring	3
bomb shelter	50
welder	10
Bowflex	42
Artificial Xmas Tree	30
Chest -Small	10
Bed -Frame	3
Computer & Video	5
Desk-Small	12
Gas cans	1
dolly carts	15
empty totes or boxes	5
fabric	5
sink	5
gym	10
propeller	5
kitchen island	10
Crates by Third Party	0
Ezel	2
Hutch bottom	30
Misc items	5
Shelf, plastic	3
Filing cabinet	20
Highboy	30
Bench, outdoor	10
Christmas Tree - Small (PBO)	10
Shelves - Shoes (Wood)	3
Plastic shelving unit	5
Rug, 6' x 9'	7
Table, Banquet, 6'	6
Hose on cart	7
Ice Cooler	5
Mitre Saw	6
Wagon,garden	10
Mirror, large	10
Basketball Hoop, Portable	15
Swimming Pool	50
Sporting Goods	10
sculpture	25
Boxes	5
aquarium crated	20
Pool Light	10
Self Wood	5
Table Kitchen Sm	10
Rack, Drying	2
Aquarium STD, Wood	20
Kiddie Pool	3
Self Sm	2
Violin	2
Chair, Patio	5
Swing, Porch	10
Xmas decorations	1
Work Table	15
Filing Cabinet-3 drawer	20
press	1
jungle Jim	100
Stone	15
Suitcase/Bags	3
Shelves plastic	5
SIDEBOARD	22
MISC CUBE 20	20
Crated chandelier	20
Table, kitchen	10
Sofa table	15
Small Whicker Trunks.	3
night stand	3
DESK SMALL	10
nothing ships	1
Safe - Large	59
Pack & Play	3
Hose Caddy	6
Piano, Electronic	20
arch	10
Table -Patio	20
DOG CRATE	3
Kayak	15
Cabinet-Small	10
Saw Hotses	2
Cement Mixer	15
Steel Tubing	12
Vice	7
Slate	5
closet shelves	3
Antique - Glass Front	5
Antique Secretary Desk	15
Antique Pie Cabinet	7
Window	2
Antique Mail Cabinet	25
Outdoor - Bench	8
Decorations	2
Hose Bin	4
golf caddy	8
Typewriter	1
.BULKY - GF/GM CLOCK	0
.CUST 2 SERVICE: OTHER	0
.WINDOW TREATS - CUST 2 PREP	0
Clock - GF - Cust to Service	25
PBO - TOTE (XLARGE)	7
Toy - Workbench	7
Vase -Decorative (Large)	3
Bicycle - Trailer	5
Compressor, Air - Medium	30
Organizer - 3 Cube	3
Scooter - Razor	2
Yard Tool - Broom	1
Yard Tool - Edger	1
Yard Tool - Garden Hoe	1
Yard Tool - Leaf Blower	2
Yard Tool - Rake	1
Yard Tool - Shovel	1
Sofa - Sectional (2 Piece)	35
All Remaining Boxables Stay	0
All Remaining Furniture Stays	0
All Remaining HHG Stays	0
Misc HHG - Yard Item	8
Patio -  Table (Large)	10
Picnic Table - Child	2
Sandbox / Child Pool	3
Bench, large	20
DART BOARDS	2
MATTS RUBBER	2
tree	5
deck box	15
wind vane	2
Motorcycle Lift	50
Bow and Arrow	2
Plastic Play House	10
saddle	7
Wagon - Kids	4
Saw - Chop	10
Shelving - Plastic	5
Rack - Wooden	3
Bench - Small Wood	6
Fishing Gear	3
Cabinet - Glass Front	10
nothing goes roommates room	0
Tools - misc large	9
Desk - small	7
Chairs Dining	5
Tent - Camping	5
Bed- Crib	10
Chair - Chaise Lounge	17
Table - Night Stand	10
Child's Playhouse	15
Table - Patio/Picnic	20
Can	2
Wicker Chest	4
Outdoor Decoration	3
Table - Outdoor Large	15
Tool Board	15
futon, full	35
Tchotchkes - Knick Nacks	0
AMPLIFiER	5
ROCKER	5
TOOL-misc	10
2Weel	3
PIANO,BABY GRAND	70
Coca Cola Refrigerator	45
Table utility	5
Lawn Mower Impliment	15
Wardrobes	10
cabinet sm	10
Med.Box	4
Adirondack chairs	10
Mop/broom	1
canoe under 14 ft	100
CHAIR	1
Misc. Cube	25
toy	1
Croquet Set	4
Bug Zapper	4
Hoosier	24
BED YOUTH	10
PLAY PEN	6
SKATE BOARDS	1
Pinball Machine	37
Chair Wicker	4
Keyboard & Stand	7
Garden Hose Sm	3
Tote  - Plastic Packed Sm	2
Dresser - Hutch	10
Pad	6
Air mattress	3
Seat	2
CREDENZA	27
Plastic tubs	3
BBQ Grill	15
Buffet top	25
Cabinet Medium	10
Cabinet-Hoosier	20
Chair - Bean Bag	2
Desk-school	10
table leaf	2
chair plastic	1
armoir large	40
Childs Small	2
Plastic toy	1
Victrola	17
Power washer	7
File Cabinet	10
T.V Trays	3
Planters	3
carpet cleaner	5
gazebo	15
lawn implement	10
tool small	5
yard art large	5
Yard art small	1
Panels	6
Small chest	12
Dog Carriers	6
Shreader	3
ART EASLE	1
Mirror Carton PBO	5
PBO DISHPACK	10
CERAMIC BENCH	20
eisle	5
wicker patio furniture	20
Microwave Cart	12
Tray	3
rug 6x9	8
backpack	4
book carton that doesn't go	7
car top	12
snowshoes	3
bar stools	2
case of wine-12 pack	7
Diaper Pail	3
Fence Section	5
Porch Swing	25
Hand truck	6
TRAVEL CAMPER TRAILER	87
HORSE TRAILER	100
chaise lounges	30
Fishing	3
CAR TOP CARRIER	9
SMOKER	7
Twin Mattress	10
Monitors	4
instrument,small	6
vase. floor large	3
Shelves - plastic	8
Wine cooler	15
School Desk	5
COMPUTER	5
CASE	3
DESK, SMALL	8
MOTOR CYCLE	87
CHAIR MATT	4
Auto - Battery Charger	5
Auto - Floor Jack	10
Saw Horses (Plastic)	3
Table - Folding (Small)	4
TV - Trays (Set)	3
Cabinet - Wood (Large)	15
Easel - Wood	2
Shelves - Wood (Wall)	2
Chaise Lounge - Patio (Metal)	10
Table - Patio (Metal - Small)	2
Partition	9
Edger - Lawn	3
curtain rod	2
Shelf, Small	5
Dryer w/ Pedistol	40
Washing Machine w/ Pedistol	35
AA Access	0
AA Load From street	0
AA Tv Unmount	0
AA 2 Story House	0
AA 2nd comment	0
WEED EATER	5
island	18
Mattress, Queen	25
Mattress, Twin	10
Riding, Mower	70
CORNHOLE	4
luggage	5
Bureau	15
Mattress/Boxspring	18
Dresser  -Mirror	10
Table - Side	10
Tote, Small	2
Curio	20
Office - Chair	10
Freezer - Not Going	0
Cabinet - Corner	20
fire pit	5
CD rack	2
Saw Horse - Plastic	1
OFFICE CHAIR	4
Trypod	5
water system	15
Step/Stool	3
CORK BOARD	2
AQUARIUM	7
glider	12
planter	6
tool	3
work bench	10
Table - Wood	3
Stair Carry	0
skis and poles	2
Back Pack/Frame	2
basketball hoop	15
Golf cart	60
Divider Screen	4
hand Tools	3
chairs - folding	5
Chalk Board	6
Compressor, Air - Large	20
Saw, Other	2
GF Clock - 3rd Party	25
Chest - Jewelry/Lingerie	10
Bench - Cement	10
Bird Bath - Cement	15
Clay Pot	5
cargo carrier	15
clothes drying rack	1
safe, small	4
Tools-Yard	10
Ornament	3
Bistro Set	15
Ladder -- Folding	4
Foosball Table Game	37
Desk Part	12
play set	100
toy box	9
Power Tool - Hand Small	1
Rack LG	10
Sofa Chaise	27
Floor Jack Lg	9
Floor matt	1
Washer - Top Load	25
Adirondack Chair	10
Treadmill Folding	15
Folding Stool	1
Toolchest Small	2
.BULKY - OTHER	0
.YOUNG CHILDREN	0
Bench - Wrought Iron	10
Cartop Carrier	10
Chair - Overstuffed Leather	25
chair folding	1
Small Amp	7
Carpet cleaner	3
Computer & display	10
Bicycle Kids	2
Brooms & Mops	1
School Chair	5
Desk Small	10
cork board	5
Hand Tools	2
Hutch Small	20
Patio Blind	5
Table - Outdoor Small	3
Jogger	5
Bed, Queen	60
..VERY IMPORTANT NOTE	0
Mirror. large	5
dolly	6
Chair-Patio	5
Chair plastic	1
drying rack	5
Bar Stool - Large	5
Desk - computer	7
PBO 3.1	3
Hula Hoop	2
Wakeboard	4
power washer	11
patio set	25
Gorilla Rack	17
Chair. Metal	3
Bed Metal Frame	5
chair, plastic stacking	3
Cabinet - Curio/Utility	10
Miscellaneous, 5 Cube	5
Bookcase, Tall	10
Trash Can, Kitchen	5
Table - Coffee Small	5
Vacuum Cleaner/Rug Cleaner	5
Bookcase, Short	5
shelves	3
Cubby	18
Wake Board	5
.ORIGIN - CARRY	0
Long Guns	3
Cat toy	7
bed frame headboard only	10
box	1
yard Art	20
Sofa - Wicker - 3 Cushion	12
Shoe racks	2
Target	4
Backpack	4
Filing Cabinet - 3 Drawer	20
Four Wheel Dolly	5
Farm Implements	75
Tool Cabinet	40
Fireplace Mantle	22
Bike high value	6
fence	12
Chair - Rocking	5
Photos Available	0
Sofa - Ottoman	6
stereo components	3
Shoe Stand	2
Desk -Table	15
TV-PLASMA	15
PC--Personal Computer / CPU	6
cart-small	5
Cabinet - Kitchen LG	30
Refrigerator - Dorm	10
Cart --Rolling	4
X-Mas Tree - Small	5
Trellis	4
Bin, large	10
Hi-boy dresser	20
.Only Inventoried Items Go	0
wood stock	8
Barbell	6
Pool Cues	4
Wine Cabinet	25
flower pot	4
shovel	1
Guitars	2
Cube Med	3
Heater - Small	3
rollaway	100
.COLLECTIBLES / MEMORABILIA	0
Buffet-Base	30
Planter Small	2
No Boxes Moving	0
Nothing Moving	0
Nothing is Moving	0
Tote - Plastic Small	3
Yard Art	8
Boxspring	20
Paddleboard	10
Watercooler	0
Pie Safe	25
CHAIR-OFFICE	2
CHAIR-RECLINER	27
PBO 4.5 ctn	4
Rack-shoe	2
bike racks	5
PBO - TOTE (XL)	8
Mats/Runners	2
Metal Racks	15
PBO Mirror ctn	5
Cubes	5
fishing equipment	10
MAC PBO	6
Booster Seat	1
scanner	2
DOG BED	5
GARDEN HOSE	5
Rack - Cup	2
PLASTIC DRESSER...  LIGHT	5
TV - Flat 50 to 60	20
Duffell Bag	6
Desk - Hutch Top	6
Music Rack	5
Misc. Item 10	10
Misc. Item 5	5
Dog Fence	10
SHAMPOOER	5
Bakers Rack	40
MISC. BAG	4
Portal Table	15
LCD-TV	10
Cement Alligator	20
Electric Fireplace	10
beanbag chair	3
Movie Screen	5
Projector Screen	10
Playground	80
stereo rack	15
Misc furniture	20
Plainer	70
Steel Wheel	15
Horse Shoes	10
Steel Table	50
LARGE TRAILER. PRESSURE WASHER	300
CAGES	5
Bike Trainer	5
WHEELCHAIR	20
Keyboard-Seat	3
Grill - Large	20
Bar-Portable	30
SCALE	5
MOTORCYCLE TRAILER	100
RAMP	3
Deer	10
DRUM SET	10
Cement Boot	10
Toaster	5
Bed Rail	4
Halltree	10
air comprs.	30
GO CARTS	12
PBO Mirror Carton	3
SHOES	1
BOAT LT 14'	0
Table-Drafting	15
Table-Marble	50
Tennis Machine	10
Water Softner	20
Chair-Massage	30
Carousel Horse Stand	10
Winch	10
Gun Locker	15
Press	10
Dog Ramp	15
Baggage	4
Desk school	10
Foldin chair in bag	3
Milk crate	2
Light rack	5
Hair Dryer	5
Cabinet-Whicker	10
Patio Bench	10
PopCorn Machine	15
Corn Hole Game	5
amoire	20
cabinet - China (1 piece)	30
large wood framed mirror	20
green egg grill	15
wicker furniture	8
Bean bag chair	5
TV Tray - (4)	5
Totes - Under Bed	5
storage unit	60
Teeter Board	10
Skis in bag	7
Credenzas- Small	12
Water Hose	4
potters heel	12
Wooden Playset	40
Lawn Sweeper	4
Leaf Sweeper	5
Trailer (Garden)	15
Hammock & Frame	7
Weed-Eater-Edger	3
butcher block table	30
form	10
Carpet	5
Fishing pole	1
yard tools	1
boxing bag	20
work horses	4
4 wheeler	50
speakers - large	15
chair -office	7
Freezer Small	10
Grill Small	4
Miscelaneous Weight	15
outdoor swings	7
picnic bench	3
Coo Coo Clock	10
Gong	10
Vibes	20
trestle	2
Quilt rack	4
Tools, Garden	2
Shed	10
.GARAGE NONE	0
Scale - Small	2
Vase - LG	12
Sofa/Loveseat - Recliner	40
hi back benches	10
large server	15
Side table cube shape	10
bed, rails	2
mirror standing	10
library table	20
.BULKY - PIANO (GRAND)	0
Artificial Tree	10
Bed (Bunk )	30
Clock-Grandfather-Fake	10
CONCRETE BENCH	30
squash board	3
doll cradle	3
wedding dress, boxed	2
weight stand	25
hose reel cart/table	7
soccer/lacrosse goals	2
weed wackers	5
Garden hose	3
rug cleaner	5
outdoor metal chaise lounge	5
Table- Outdoor	40
Speed Bag	5
Kat	5
Slot Machines	20
surfboard	6
SoftBox	10
Stroller- Jogger	10
Flower Box	16
Wine Already boxed	1
Washing Machine-Portable	20
liquor cabinet	7
subwoofer	13
Christmas items	20
pressure washer	5
Rug 9X7	15
Pot - Metal	5
MEDICAL EQUIPMENT	3
ANTIQUE FARM DECOR	30
Storage rubbermaid	7
Cart custom	4
GO CART	10
Baby Stroller	5
Guitar without case	2
Computer Keyboard	2
Milk jug	7
TEA CART	5
TOTES PLASTIC	5
ROCK	7
STONE POTS	5
Barbell Rack	15
Piano-Electric	20
vaccum	5
Close rack	1
back pack	3
Antique Murphy Bed	40
Bath Tub	50
Air Comp. Small	7
Surfboards	8
Workbench, small	15
Desk return	10
Swing set	20
Kennel, Small	2
Rack, Clothes	1
Cat Scratcher	5
Coat Rack, Small	3
Stuffed, Animal	4
Bed, Metal Frame	5
Wooden Box	8
Desk, Computer	18
Soccer goal	2
Crate Pic-Mirror-Glass	15
pump	5
Chair - Aluminium	5
Chimenia	5
Egg Green	10
Hoses	3
End table	5
ladder	3
Dog kennel	8
WOOD	5
Four Wheeler	70
Cabinet, Large	35
Table, small	3
Motorized Mobility Scooter	40
Table - Bistro	15
Elevator	0
Elevator Reservations Required	0
LCD-TV 30 inch	10
Chair , Plastic	2
Misc Boxe	4
Wardrobe Box	10
Stained Glass	5
Tire & Rim	5
SNOW SHOES	1
TREE	20
TILLER	9
HIDEABED 2 CUSHION	30
BIRD BATH	9
drum kit	20
deco	12
Cornhole Board	4
Wood Table	30
Cat House	5
Cabinet Bath	5
Easle Lg	6
cabinet-large	30
headboard queen	5
Car motor	35
Engine stand with pulley	28
Vespa Scooter	30
Concrete Statue	5
Floor jack	15
Chest Wicker	4
bowflex	10
Refridge Wine Sm	8
Sportsbag	3
Rack Pot	3
Rack Cup	2
Dehumidifier, Sm	3
Chair High	5
Bench Yard	10
Play House Plastic	10
Dresser, Vanity	9
Wood shelf	3
Art Eisel	1
Yard decs	10
Wicker basket	1
Chair-patio	3
Storage bin	5
Desk--Dbl Pedestal	50
Air hockey table	20
Projector screen	10
motorcycle frame	20
windsurfer 12	10
car seat child	5
flat file cabinet	30
lath	30
pallets	8
lift	15
Piano - Baby Grand / Upright	70
Train table	20
kayak 7'	5
rifles	5
workbench small	5
high chair	5
Notes	0
alum chairs	1
motor cycle parts	20
small kennel cage	5
pboa 4.5	4
Wood Hobby	4
bumper	10
rototiler	20
Weight Scale	2
Wicker Items	5
Pet - Item	2
Rack - Drying	2
Washer/Dryer Stack	35
Clock-Standing	10
Speaker Stand	5
Engine lift	20
Engine Lift	40
Reebar	2
dumbell rack	10
xmas tree	10
coat tree	10
Cat Crate	3
Outdoor - Swing Set - Wood	30
car parts	30
bow	5
gas cans	1
Laydown Wardrobe	10
crates	2
ski's	1
wine refrig.	10
DUFFLE BAGS	5
Ship Captains Clock	15
.FURNITURE - WICKER	0
chair - folding	2
garden tools	7
shelves - small	5
tools - equipment	5
cabinet - wood	18
jeep top	20
air compressor	12
self storage unit	150
painting	8
Blanket rack	1
Plastic Rolling Carts	5
screen divider - three panel	3
headboard single bed	10
TV - 52" LCD/LED	22
bike	5
frame	15
stereo component	5
desk section	15
hb/fb/frame	20
locker	20
Brooms, etc.	2
Auto Jack	10
DOLL HOUSE	6
Equipment	50
lumber	2
four Wheeler	100
Boat Motor	10
Misc.15	15
Picture - Small	0
Misc.3	3
Mini Frig	10
Beach chair	1
Ladder - Magic	6
Video	2
Rock collection	1
child's stroller	10
cooler small	2
.BULKY - MOWER (RIDER)	0
Golf Cart - Pull	4
Table - Corner	5
Fabric	5
Wine Barrel	10
Dryer - Gas	25
Platform	4
Pet Perch	3
Range - Electric	20
Beanbag	8
Boogie bd	2
Yard blower	3
Cooler - Large	5
SAILBOAT 14' & OVER	0
Table, Card	3
Rifles	2
Cabinet Utility	10
Rifle	2
Safe Gun	60
Sofa Wicker	10
Lawn Mower Attachment	12
Ornament Lg	5
Saw Horse(2)	2
Yard Statue Sm	3
Table base	15
Christmas Tree in Box	10
Gun cabinet	12
sofa section	40
desk top	10
Shepard's Hook	2
cotts	5
pots& burner	5
stations from salon	8
 cabinet	15
Wine Pack	5
Cat house	5
sports eq	4
basketball hoop and stand	50
Rain Barrel	4
Aquarium - 50 gallon	9
Sm Chest	3
Basketball gaol	15
train table	10
wall shelf	5
Desk-computer	20
chest  of drawers	30
COT	8
Ciminey	10
storage box	40
heavy bag	8
folding trays	1
Pet Tree	8
PacknPlay	5
wooden play gym	100
Drill	5
mini bike	20
gas grill	7
Fireplace Electric	12
Yard Tool bundle	3
Patio umbrella/ stand	7
Children's Equipment	5
Christmas Items	25
Large Wood Framed Mirror	10
Storage Cubes	10
BBQ Smoker Type	10
Green Egg BBQ	25
Large wood  Fort and Swingset	100
Patio Chair Lounger Style	5
Patio Sofa	10
Patio Storage Bin	10
Patio Table Small	5
Bundle Yard Tools	10
Plastic Ice Chest	5
Shop Vacuum	5
Storage Shelf	20
String Trimmer	5
Diaper Jennie	5
Yard Items	5
AA - Additional Information	0
AA - House Information	0
NOTHING ELSE GOING	0
sterilgard	100
Cart - Tea	5
Copier (NO TONER)	5
Metal Drawer Unit	8
Cabinet, China Top	30
Bookcase, Small	10
Train Table	15
Metal Tubs	1
Wood boards	10
Chair,Metal	3
Guitar / no case	2
Cubic Calculation	630
Artwork	12
Christmas	8
Dryer Gas	25
Gliding Bench	5
Shepard's Staff bird feeder	3
scooter-child's	1
RADIO	10
Childs electric car	9
Chair, plastic	3
Table, large	25
Counter island	20
Dryer - Cust to Service (F.L.)	25
bathroom mirror	2
basket ball goal	10
cube  drawers	2
MANIKIN	3
DOG HOUSE	8
W/D Base	6
mini fridge	5
PC Monitor	3
PC Tower- Large	6
Cargo Mate	10
Carton - Mirror/Picture PBO	5
Decor - Yard	3
Lawn - Weed Eater	5
Wood - Loose Bundle	20
Refrigerator - with Ice Maker	60
Ficus Tree	5
Kennel Small	5
Shelf - Shoe Rack	2
File Cabinet - Lateral	20
Mattress Twin	10
Soccer Goal	10
TV Trey Set	5
Dumbbells	50
Mics.	5
Small Stand	3
TV Tables and Stand	5
Utility Table	5
Computer Desk	7
Handicapp Walker	1
Side Table	10
DVD Stand	1
Jewelry Cabinet	10
Garden Decor	1
Wrought Iron Chairs	10
Full Length Mirror	5
Printer Stand	7
Wicker Drawers	4
Drawers	1
Car Cover	3
Scaffolding	10
Flower Pots	5
Tarp	3
Small 4 Wheeler	15
swing bench	15
HB / FT BD	7
Large Yard Art/ Pumpkins	3
Pail	3
China Cabinet Bookcase	30
Animal House	7
Basket Ball Goal	20
Corn hole	6
Lawn Chair	3
Car seat	3
outdoor swing	25
Bench Seats	10
Desk-Rolltop	50
movie screen	15
Water Bed	30
boat	7
Stadium seats	15
File box	6
Buffet Table	20
Cat condo	10
Spinning Wheel	5
TUB	1
CHINA CAB TOP	10
tree 7 ft	10
PBO -- large	5
Rollaway Tool Chest	60
jax	5
Dresser Vanity	20
Table - Massage	3
Drum - 55 Gallon	3
Breakfast Table Leaf	2
Vacuum- Shop	2
Garden Tool Rack	5
Bicycle Trailer	5
Bed, Platform	15
Mini Storage	600
Secretary	40
Computer printer stand	5
Swing - Porch	10
Christmas Decorations	10
Ladder - 12 Step	7
Standing mirror	2
Plastic drawers.	3
pl. car ramps	5
Fabric rolls	10
Motorcycle cover	10
Mat--floor	5
Dress form	5
Work bench	7
PLAY STRUCTURE	100
Basketball Hoops	8
Playhouse - wood	0
Child Wooden Furn Misc	5
Audio Visual Equipment on Rack	6
CPU units	6
Storage Unit	150
Table - Legs	10
Exercise - Pull up Bar	20
Work Bench	20
Credenza - 3 Drawer	15
Stereo Speaker	5
Chiminea - Metal	10
car	40
Rug Cleaning Machine	5
swing set	25
zBox - 1.5 - NOT GOING	1
Cat Scratching Post	3
Curtain	0
Curtain Rod	0
CARD TABLE 15	2
DRYER 140	20
IRONING BOARD 7	1
STROLLER 15	2
WASHER 200	28
DRESSER 130	18
DRESSER 166	23
ROCKING CHAIR 50	7
BAKER RACK 50	7
CHEST 105	15
DESK 25	3
CHAIR 50	7
DESK 50	7
DINING ROOM TABLE 150	21
BICYCLE 39	5
BLOWER 15	2
SHELVE 50	7
SHOP VAC 40	5
CHAIR 20	2
MICROWAVE 30	4
CHAIR 60	8
CONSOLE 130	18
END TABLE 20	2
END TABLE 40	5
Flat Screen 70	10
FLOOR LAMP 30	4
SOFA SECTIONAL 3PC 360	51
TV TRAY	4
CHEST CEDAR 50	7
CHEST 150	21
CHEST 90	12
DRESSER 100	14
NIGHT TABLE 35	5
BOOKCASE 125	17
BOOKCASE 30	4
DESK 150	21
DESK 80	11
OFFICE CHAIR 60	8
PATIO CHAIR 10	1
TREADMILL 156	22
EDGER 14	2
LAWN MOWER 105	15
Table-folding	2
Drill press	15
trimmer blower	5
Saw Horse- plastic	3
Bagged tree	6
Lounge - Patio	5
.All Major Appliances Stay	0
.Delivery - Apartment	0
.Origin is Ranch with Basement	0
concrete bench	30
Barricade	10
Road signs	2
bird exercise tree	4
car jacks /ramps	2
dog dishes	2
Bedding Bag	2
Power Tool - Benchtop	7
Camping Equip	5
5 gallon drums	5
Watch box / HV item	2
Mops Brooms Cleaning Tools	3
Planter - Empty	10
Rug - 6 x 9	10
Table - Sofa / Console	10
Survey Notes	0
TRACTOR/RIDING MOWER	70
bed top	5
sled	3
table - sofa	10
Bing Bag chair	5
inversion table	20
quad	35
PBO CTN	4
Stacked HHG	100
lateral paper files	20
patio table heavy	50
metal cabinet	30
tool board	2
tool rack	5
canoe	7
Small Chest	10
Ski Poles	1
radio	2
larger safe	45
panels	5
baskets	1
metal cabinets (locker)1	10
antique watch Bench	25
barn boards	2
clamps	10
pipes	1
railing	5
2 wheel chaise	30
blackboard	12
Grandfather	20
Lecturn	5
File Cabinet - 5 Drawer	25
PBO 1.5 ctn	1
ROW BOAT 14' & OVER	0
Mirror - encased	10
Wine frudge	5
Go cart	15
sports equipment	5
dry sink	20
bassinet the	10
PAINTING	3
STOOL	5
cat pole	3
outdoor tools	10
outdoor chairs	5
yarn holders	10
balance beam	5
balaphan	10
Chair- Rattan	5
deer target	8
Wine machine	25
MISC CUBE 25	25
Compost Ben	10
Plastic Ben	5
Bed Fold Away (single)	20
Christmas tree artificial	15
Tool cart	10
TOTES GARAGE	2
outside shredder	30
paddle boards	10
SLED ANTIQUE	4
massage chair	20
chipper	10
60" LED TV	15
Cat tower	7
Bike stand	7
Filebox	7
corn hole board	5
vacuum system	30
vanity bench	5
RANGE	25
Bed - Boxspring	15
Twin mattress	10
candy machine	10
Bed Frame Only	5
Metal Storage Rack	10
China Cabinet or Buffet	25
Porch Bench	5
Factory Carton	5
File Cartons Packed by shipper	5
Shop Lights	5
TV Trays and Stand	3
Wood Burning Stove	10
Blanket Stand	5
Plastic Storage Shelf	5
Nothing To Transport	0
Plant Container	2
Plastic Stacking Chairs	2
TRUNDLE BED	5
ANTIQUE STOVE	72
slot machine	20
terminator	25
Blonde Side Cabinet	10
curtain rods	5
Dog Kennel Sm	4
Lawn Weed Trimmer	7
Skis (sets)	2
50 CC SCOOTER	29
silk plant	3
bicycle wheels	2
computer moniters	5
printers chest	10
display cabinets	10
chop saw	25
fencing	10
Wind Mill	12
GLASS TABLE	3
WEIGHT BENCH	7
WEIGHT RACK	15
backpacks	1
bandsaw	25
lathe	45
sander	30
Antique Cabinet	30
trac chair	30
bench for storage	20
food storage	5
map	2
Desk - Credenza	20
jointer	50
planer	30
Plastin Bin - Small	1
Fooseball Table	25
Rack - Bath	3
Side Board	25
Mops	1
Mirror - Large	10
Chest - Wicker	5
Outdoor - Deck Shed	15
Outdoor - Ornaments	10
Outdoor - Ottoman	3
Outdoor Chaise	8
Outdoor Patio Heater	10
Cabinet - bathroom	3
Child's Gate	2
Dog Corral	2
Shovel	1
Snow Skis	5
Hose - pressure	10
Table - patio	8
Drawers, plastic	3
buggy	1
Barbell weights - 100 lbs	15
Wine  - # of Bottles	0
Welcome Mat	1
Planter - Large	5
BIN-MEDIUM	12
BIN-SMALL	8
SKI'S	3
STEAMER	3
PILLAR	4
SHOE SHELF	8
Fountain, Sections	10
Buckets, Food	25
Lateral File Cabinet	30
.Delivery Is a Home	0
.Flooring - Hard Woods	0
.Owner 2 Unhook Dryer	0
.Owner 2 Unhook Washer	0
Plant Stand Lg	5
Vase, Lg	5
Chin Up Bar	1
Elipticle Trainer	35
Clock Wall	5
Stereo PBO	2
Stereo Speaker Sm	5
Misc Furniture	10
Tool Chest Machanic	70
Cabinet Jewelry	10
Ceiling Fan	4
Desk, Exec	50
Rack Clothes	4
Tote Plastic Sm	2
Vacuum Bag Of Clothes	5
PBOs / Furniture stacked	180
File Boxes	3
Garbage Cans	2
METAL SCREEN	5
jeep hard top	25
AA crates see survey for dims	0
AA icemaker	0
AA Front Load washer	0
AA Front Load Dryer	0
Small Cabinet	5
Dryer Front Load	24
FIREPLACE PORTABLE	25
Dresser Chest	30
Chandelier - Large	15
Sofa - Rattan / Wicker	20
Dryer - 3rd Party (Gas)	25
Mirror large	10
Computer monitor	3
Trelis	3
Wine Packs	7
Corvette Engine on Stand	100
Corvette Metal Frame	400
wicker foot locker	6
statue, as-is	10
plastic shelve	10
easle	5
Wood Stove	30
Outdoor chair	5
Plastic chair	3
wine chiller	5
Foozeball table	15
Trays	5
Tri-Pod	7
Shelves-Cubes	5
Fire Arms	1
speakers	3
Bicycle rack	4
Wood box	3
Clock, wall	2
universal gym	100
roto tiller	10
Kennel - Large	4
Dog - Bed	2
White Boards	2
Heat Stream	10
Travertine	40
Steamer garment	4
Sauna DBO	50
Thule roof box	10
Broom / Mop	1
Mini Fridge	5
Stoller	5
Car Tote	10
Ctn - 4.5	4
CPU	5
Cabinet 2 Door	15
RIFLE/SHOT GUN	1
SHEDDER	2
Air hockey	30
Fire Box	5
Travel Case	5
Tressel	15
Sign	12
SPA: 65' & OVER	75
Roto	12
Stone Bird Bath	30
Aquariam	10
water softener	15
DESK ROLL TOP	15
ELECTRIC PIANO	10
FIRE PLACE FAKE	20
Hitch	85
Air Matress	4
Filing Cabinet - 3-Door	15
Vice - Large	20
desk computer	10
Chair Patio Metal	6
X NOTES	0
Water Feature	10
keyboard	20
Bath rack	6
Cheese making equip	5
Horsey	3
Shopsmith	45
stereo equipment	15
motorcycle large	100
baby gate	5
Art decor	5
Rubbermaid	5
Twin Mattreess	10
BAGS	3
BAND SAW	20
BAR	40
Pots	1
CABINETE	20
CHAIR, DESK	8
CUBBY	15
HORSE	3
JACK STND	2
POLES	3
TOOLS	8
WORKMATE	6
WINE CHILLER	12
RIFLE	3
COOKER	8
Waterfall	20
frames	3
Candlesticks	10
Cartop	15
CHARGER	6
Dresser - Long	23
hunting gear	4
tree artificial	8
Exercise Matt	2
Cabinet small wood	10
heater	5
dresser	30
tree stand	10
Commercial Bin	20
Bench, Vanity	2
Edger, Lawn	5
Garden Tools, Each	2
Ladder, 3 Step	2
Shop Vac.	3
Tool Cases	3
Tote, Medium	8
Cabinet, Supply	30
Misc Item, Large (Description)	15
Bed, Frame Only, Metal	5
Chair Lounge Outdoor	10
Misc Garage Items	300
Clamp	2
Sporting good	18
AA Coment	0
TRAMPOLINE-small	3
TOY CHEST	5
HOCKEY NET	2
foot board	10
tea cart	5
mirror  - standing	12
Armorie	25
Mirror - attached to dresser	8
fireplace, electric	25
shelf with baskets	5
DVD rack	1
desk, table	8
screen divider/trifold	5
tanning bed	60
Table, Leaf	5
Table, Wicker	3
Motorcycle Parts	10
Power wheel	10
wine crates empty	2
WOODEN BOX	20
WASHING MACHINE-FL	35
TABLE-CRAFT	12
Car Jacks	10
Drill/Press	22
Motor Scooter	35
Sander	15
Saw/Band	18
Saw/Table	20
Baby Carriage	4
Saw/Chop	10
Bicycle- Rack	10
Music-Mic Stand	3
Chello	5
Drum Carder	5
All Else Stays	0
Shoe. Rack	5
Train Board	15
Chest Of Drawers	15
Mirror-Dresser	10
Rack, Wall	3
.DRIVER - CURVED DRIVEWAY	0
.DRIVER - INCLINED DRIVEWAY	0
.ORIGIN - DRIVEWAY INCLINED	0
.ORIGIN CARRY > 200'	0
fertilizer spreader	4
Disc Catcher	8
Foosball Game	28
Hockey Net	5
Shopvac	4
Turkey Fryer	3
Bagger Assembly	10
Misc Wood	14
Shepard Hooks	1
Stepping Stones	4
Exercise Equipment - Large	50
Tiki torches	1
Saw - Power	2
Tv Tray	5
BAG / BACK PACK	3
SHOP VAC	3
SNOWBOARD / SKIS	2
Laubdry basket	3
garden sticks	3
Metal Cabnet	30
Roll Away Tool Box	100
Credenza - 4 Drawer	40
Plants - Real	5
Computer Equipment	2
Pet Carriers	5
Cat Box	2
Foot Locker	10
Power Wash	5
Chase Lounge	10
Burlee for towing bikes	5
Ctn Wardrobes	10
Ctn 3.0	3
Video Game	20
Cabinet - Display	20
drill	20
Plane Models	4
range	300
Vacuum/Shampooer	6
Garden Tool	2
Vacuum, shopvac	4
Washing machine, front load	25
Safe, small floor model	10
Rug, large	15
portfolio cases	1
Chaise Lounge - Aluminum	3
Desk Medium	15
manikin	15
toolbox, lightweight	2
aquarium - 10 gallon	3
aquarium stand	5
Dart Board...Large	2
Cot - Folding	8
dog run	15
Space Bags	4
micro phone stand	1
Dryer rack	1
Rubber Matts	2
Globe Stand	8
live plant	15
wicker basket	6
Drum set	12
Bath Caddy	5
Shingles	15
Parts Washer	15
Stove - Woodburning	40
Surround system overhead	20
Sports Equiptment	12
shelf plastic	5
Plant Holders	4
Wicker Giraffe	5
crutches	1
Golf Clubs Carrier	6
Scarecrow	5
Table Set	5
Tree stand	3
Bed King	70
Trimmer	5
mirror, small	1
clothes rack on wheels	5
Duffle	6
Mamaroe	4
PATIO CHAIR	3
Tile	50
Play set	4
Bed - Child	20
Patio Cushion	1
Mower - Commercial (NO GAS)	35
Mower Attachment	4
DRAFT TABLE	15
TENT	9
saddle child's	3
karaoke machine	3
cross bows	1
Leaf sweeper	15
car stands	5
engine	30
hookah	1
microwave cart	4
air compressor, pancake	5
buckets, 5 gallon, plastic	1
fishing rods	1
wooden ammo box	1
sewing machine table	20
mast for antenna	4
Amplifier, musical	3
computer monitor only	3
Table, sofa	15
pistol	1
shotgun	2
mop	1
exercise mat	1
Outdoor wooden bench	5
Christmas/Items	3
Armoire Chest	35
Peg Board	5
Cornesboard	10
Table - Buffet	20
Extension Cord	3
Metal Art	3
Outdoor Shower	10
Game Board	10
.STAIRS - NARROW/STEEP	0
Compost Wheel	5
MOTOR SCOOTER	15
Trashcan	2
diaper pail	2
Bed- youth wood	10
exercise bar	6
table model	10
TV console	15
Table-Real Small	1
Burner	10
Chair- Wood	6
Wood Stump	15
Tvray	1
Snow Boards	5
Instructions	0
Full Size Mattress Only	20
Buffet Sideboard	30
Basket - Wicker	3
Barbecue - Large	25
Table -  Patio	10
SPEAKER-large	10
SPEAKER-small	5
ROOM DIVIDER	10
WICKER	3
Plants/Frux	3
Clock, G/Clock	20
Fireplace Equip	5
Bed, Double	60
Holiday Decor	3
Lumber / Wood	10
Dry Sink	15
Bird Bath / Fountain	5
Head Board	10
Washing Machine (Front Load)	30
CAT TOWER	6
CHRISTMAS TREES	6
Plastic Bins (Large)	8
Folding Canopy	7
Light Stand	5
Piano	70
Church pew	34
Golf Net	8
mattress only	7
Heavy bag	20
Dining -  Buffet / Sideboard	30
Power Tool - Lawn	3
Office - Cradenza	15
Office - Desk	30
Snowmobile	100
Clock - Wall	5
Wall Unit - Large	60
Safe- Small	20
Valet-Clathing	5
hood vent	15
Book Carton - Not Going	0
dresser - small	10
shoe organizer	5
Cabinet - Metal LG	20
Power Tool - Hand LG	3
Slant Bench exercise	10
Gumball Machine	3
TV - Regular	15
Jack Stands	3
No Food Going	0
Cedar Chest - LG	15
Vanity Bench	4
barrels	2
Ligts	4
Transfile Box	5
Vacuum - Steamer	5
Air Compressor LG	15
Generator - Large	35
Dresser - Top	10
Cement Statue - LG	10
Cement Statue - Mef	6
.DRIVER - ROAD IS BUSY	0
lawn ornament	2
hair dryer	3
sewing machine	5
Vice - Small	5
bar	60
pool in box	30
Oven - Cust to Service	25
bookshelf	1
Chair - Wrought Iron	3
corn hole game	7
shed	50
wood swing set	200
air purifier	3
Desk- Computer	12
Total Gym	10
Vacuum/ Carpet Cleaner	5
Washer and Dryer (Front load)	50
HOLIDAY DECOR	7
.ORIGIN - FLIGHT (EXTERIOR)	0
Clothing	0
YARD ART	50
Bed, Full	60
Table, Small	2
Pedestal, Dryer	5
Pedestal, Washer	5
Bench, Wicker	5
ice maker	25
Desk, RollTop	40
Bed - Bunk single	40
Clock - Mantel	2
Ladder - 10'	6
Pool Lounge Chair	5
Sconces	3
Wicker - arm chair	7
Washing Machine Front load	34
Ladder-4'	3
Air conditioner portable	10
Clothes Drying Rack	3
outdoor pizza oven	45
fireplace cabinet	15
Crib Mattress	5
Mirror, Full length	20
Church Pew	10
Table, Drop Leaf	10
wall mirror	10
dog crates	10
dog fencing	20
picture	5
skis and ski boots	10
Microphone Stand	2
Wooden Shelf	3
Mitre saw	7
Chiminea firepit	20
Wall Unit 3 Piece	70
Cabinet, Jelly	10
Dumbbell	3
Dresser Sm	10
Buckets	2
Bed - Toddler	10
Cabinet - Garage	20
TV - Trays	3
19" TV	3
Table Pads	2
Plastic Shelves.	3
Power Wheels	15
Cabinet/Large	22
paddle boat- inflatable	10
bowling ball	2
Basinett	3
Trumbone	3
Weight rack	5
FOOSBALL TABLE	15
tents	7
PLASTIC CHAIR	1
play stand	50
Vanity - Bench	3
Gates	2
Matt's/Floor	1
PBO - TV - LCD < 40"	5
Weights (25#)	4
Little Tyke Playhouse	20
pack N Play	7
Baskets. wicker	2
amps	5
fitness bar	22
Briefcase	1
DRYING RACK	3
Bed Twin	35
Wicker Unit	5
WINE REFRIGERATOR	12
settee	20
Single mattress/box spring	12
bed parts	10
generater	10
crates-empty	6
Snow skies (pair)	10
desk-pc	18
cartop carrier	5
kayak 12	20
tire rims	5
shelves - plastic	5
cabinet - large	30
deck storage box	10
porch chair (metal)	10
table - patio	6
MISC. 10 Cube	10
urns	10
fax	5
PBO DP	10
PBO 4.5	4
PBO 1.5	1
Christmas Tree PBO	10
Wicker Furniture	5
Electric piano	30
folding chair in bag	4
baggage	3
.APARTMENT - ELEVATOR	0
.APARTMENT - INTERNAL CARRY	0
B B goal	20
surf board	5
child pool	10
riding toys	5
child car	20
drafting table	31
foosball  table	20
Wicker Sofa	20
Andirons	2
spinning wheel	6
clock	12
jack/ stands	13
Galley cabinet lg.	120
Safe - Lock Box	15
Sofa - Dual Recliner	50
Table - Drop leaf/Occasional	12
tire with wheel	10
speaker stand	3
Cart - Utility	5
Drum Set-Pro	7
bed Youth	25
Cabnet sm.	5
Piano (Electric)	30
Plastic shelves	3
step stool	3
Tote Large	8
Tote. Medium	6
Chest. Batchelor	12
Safe. Small	12
Patio table/chair	10
Pin ball machine	25
Storage bins	3
no appliances	0
water dispenser PRIMO	5
Basket Ball court pole	50
Lawn- Edger	5
TV- Flat Screen	20
Personal Computer	5
Sword	3
steamer machine	4
IKEA Screen Print	10
Game	5
.A LOT NOT GOING	0
.APPLIANCE NOTES	0
.FURNITURE, MOSTLY	0
Vacuum/Floor cleaner	7
Dehydrator	5
Desk - School	5
belt Sander	15
Rotor Table	10
Bball Hoop	15
Foosball Tbl	30
Bow in case	5
fooseball table	10
penball game	20
hand tool	1
art small	5
wicker chair	6
WICKER LOVE SEAT	10
Drum Set ea piece	3
Piano - Digital Keyboard	12
Kitchen Bench	10
Hutch Bottom	20
Blanket Rack	5
.EXERCISE EQUIP - ROWER	0
Home Gym - Cust to Disass	75
Misc HHG - Group	30
Filing Cabinet - 5-door	30
SCUBA Equipment	10
Fireplace/Medium	14
Barrel 30 gal.	6
Dryer/Front Load	50
Washer/Front Load	50
guitar amp	5
jungle gym	100
.GLASS TOP(S) CRATE(S)	0
.UNCRATE - 3RD PARTY	0
Motorcycle (Large)	75
Wine / Spirits	2
Nothing moving	0
Bed parts	20
drawers	7
mantle	8
Oven - Gas - 3rd party	30
Refrigerator - 3rd Party	35
Garden Tractor	200
Power Tool, Case	1
toaster oven	3
NOTHING	0
Ab Roller	3
Chairs - Patio	3
Christmas tree  14 feet	25
Bench - Bed	10
Carrier	15
Bow Case	5
Hydraulic Lift Stand	15
Industrial Metal Shelf	15
Scalfolding	15
Table - Bedside	5
Dryer - Front Loading	25
Table - Deck/Patio	15
rototiller	20
centrifuge	10
wall mount desk	25
Papasan Chair	15
punching man	15
Manican	5
Antique Radio	10
Tie Rack	3
DRUMS	2
POTTING TABLE	10
CHALK BOARD	4
Fooz Ball	40
Trailer - Utility	25
tower	25
Hand Drum	10
Table - Couch	12
BED - King	70
Chest of Drawers Small	12
Safe - Small, Fire	7
Bench - Large	10
CornHole Game	3
Power Washer - SM	5
Shepherds Hook	2
Crate - Small, Wood	3
Sofa Chair - Overstuffed	25
PlayHouse	15
.DRIVER - TIGHT APT. COMPLEX	0
divider	3
Washing Machine (Top Loader)	30
cabinet - storage	15
computer equipment	4
Chair Aluminum	1
Stool Bar	5
Table Card	3
Table Coffee/End	5
Table Sm.	2
track lighting	2
armoire med	25
Table - Oudoor	20
ChristmasTree	10
Cabinet, Storage	10
Floor Safe	3
Drawer Unit	10
Tray tables	5
Garden Hose on Reel	5
Woofer	10
small shelf	5
Utility Cart	2
Chair Recliner	25
Pipe Holder w/ 6 Pipes	1
ice cest	2
Wood Flower Beds Raised	10
Exercise Elliptical	25
BBQ -Smoker	10
Aquarium Cabinet	10
Piano Stool	5
Wicker Shelf	5
Gas Cans empty	2
.PILLOW TOP MATTRESS	0
Bicycle-Adult	5
Shelf-Small Plastic	3
Bar Stool-Small	2
Sofa-2 Cushion	45
Table-Bistro	5
TV Stand-Small	7
Shelf-Small Wood	2
Bike Stand	2
Bench LG	10
Clothes Bag	3
China Closet	55
Mattress twin	7
Art easel	1
Bed frame pieces / rails	3
shedder	2
Air Compressor Small	5
Armoire - LG	50
Shower Chair	1
Bandsaw	12
Cube Small	1
Bird Feeded	2
razor scooter	5
Table, Kitchen	30
Shepherd Hook	3
Rifle / Shotgun	2
Basketball hoop Metal	10
Animal Bed	2
Baby Bathtub	2
Art Tube	1
Exercise - Weights - Plates	1
Jumper	4
Swing - small	4
TV Trays - Wood on Rack	5
Amp, small	3
Ukulele	4
Kitchen chairs	5
Snack tables	10
.Origin-Apartment Complex	0
.Origin-Shuttle Needed	0
.Origin-Straight Truck Only	0
.Partial Move, Lots Not Going	0
PlayPen	3
basinet	5
pack and play	5
Desk - Corner	15
Chair - Small	3
File Cabinet -Lateral 2 drawer	18
Desk -Small	10
Desk - Office LG	40
Tansu Chest	15
Footlocker LG	10
Two Wheeler	3
Brooms/Mops	1
No Furniture Going	0
dog house plastic	4
totes large	5
sofa back table	6
Concrete Blocks	2
awning	25
pedestals	10
NOTE:	0
gates	12
train set	400
tent/pop up	10
dog igloo	10
Stepstool	3
Crib LG	20
Chair Bag Soccer Type	1
DVD / CD Player	2
Clothing rack	3
Little Tykes toy	3
Birdcage	5
.DESTINATION - HOME	0
.FLAT SCREEN TV - < 40" PBO	0
.FLAT SCREEN TV - > 40" PBO	0
.FURNITURE - ANTIQUE	0
.ITEM NOTE 3	0
Exercise Bike - Large	20
Ladder-Stepstool	2
.ORIGIN SHUTTLE (MINI STG)	0
.WINDOW TREATMENTS STAY	0
Credenza - small	12
doors	10
LCD TV Dems.   L  X   W X   H	0
Table - Demilune	7
aluminum chairs	2
totes small	3
Cabinet- Bathroom	5
Car- Ramps	3
Chair- Desk	7
Island-Kitchen	30
Lawn- Weedeater	3
POLE	10
MAGAZINE RACK	5
Tub-Plastic	1
TOY-power wheels	12
PC - CPU	4
bushel basket	1
pictures	4
weedwacker	2
custom rack	2
pet cage	2
golf club cart	2
Kitchen table	15
File Cabinet - 2-3 Drawer	10
Garden Tools & Hose	5
Weed Whip	3
Long Carry. Distance:	0
Shoe Rack/Shelf	1
Sofa - Table	8
Pack 'n Play - Playpen	5
riding mower	50
tool chest, lg roll away	70
victrola	10
Totem Pole	10
Jack - Car/Hydraulic	2
Computer tower	3
Speaker - Medium	3
christmas	3
wine 24 bottles	4
Milkcan	5
jewel armoir	10
Basketball System	8
Wine Rack - Large	10
Exercise - Weights - Dumbbells	2
Exercise Equipment - Home Gym	45
Partition-Room Divider	10
Bed Part - Footbd	5
Bed Part - Frame	3
Bed Part - Headbd	6
Desk - Shelf Top	25
Fire Pit - Large	25
bedroom-2	1
large clock	7
Pedastal - wooden	3
Sandblaster	30
Hutch - one piece	25
Pillow -wedge	3
Iron canopy	120
Iron Canopy 2/2	35
Desk - Student	10
Wood Barrell	10
Paddle	1
Trolling motor	3
Duct work	7
Ice shanty	6
Miter saw	15
Mower - Power	15
Dryer - Elec	25
Cart, Plastic	3
printers	5
Computer desk	15
Dough Board	5
Safe-Gun	20
Rolling Rack	5
TABLE-DRAFTING	15
HAMMOCK STAND	25
UMBRELLA-BASE	8
PBO 3.0 ctn	3
Card table Chair	2
attic/misc	100
contents of garage	350
Christmas Tree Stand	5
wicket basket	1
bag chairs	1
plastic golf club carrier	2
Quilt Foam	5
Leaf Catcher	10
room decider	15
secretary	25
rods metal	1
PC	1
miscellaneous medium	10
TOOLS MISCELLANEOUS	2
Amp for Guitar	7
Drum - Comga	5
Joyner	20
guitar not in case	3
skimboard	5
Speaker - Large`	5
Swing - Baby	2
Cabinet large	35
.ATTIC NOTES	0
.BASEMENT NOTES	0
.CRATING	0
.DRIVER - VERY LONG DRIVEWAY	0
.EXTRA LABOR	0
.GARAGE NOTES	0
.OUTBUILDINGS	0
.PAYMENT - BILL COMPANY	0
.TV DISMOUNT	0
.VALUATION - FRV - NO DEDUCT	0
PBO - Tools	10
Ladder - Bedroom	4
TV Mount	2
Weight Rack/Stand	15
Weight System	80
Weights - dumbbell/barbells	20
Credenza lg	35
Painting - other	4
Building Materials: wood, misc	15
Jack, floor	3
Mop/brooms	2
Saw - Chop type	10
Kitchen Table - LG/Farm type	30
Dryer - 3rd Party	25
Computer Component	2
Computer System	9
Firearms	5
Cat Scrather	4
Roof Racks	7
Wheel Barrow	20
Desk Return	15
Washer/Dryer (Stacking)	50
Massage Chair	15
Shovels	1
Child Walker	3
Room Divider	10
Concrete Statute	10
Inversion Board	20
Water Jug - 5 gal	6
office chair	10
coffee table	5
heater floor	3
plastic 3 drawer	8
Hoist	22
Matt's	10
paddle	1
kayak 10 ft	15
PBO Dishpack	10
Power Washer - Gas Powered	15
Blanket Wrap Railings	0
Bulky Article(s). List:	0
Extra Labor	0
Desk - With Return	50
Vaccum - Shop Vac	4
Microwave Table	8
Trash Can - large	7
Doll House - Large	10
Metal frame	10
tub	1
Pipes	2
Water Softener System	10
File Cab, 2-3 dr	10
TV - Flat under 40"	4
TV - Flat over 40"	8
.Appliances-All Major Stay	0
.Flooring-Carpet	0
.Flooring-Partial Wood	0
.Flooring-Tile	0
.Origin-Multi level home	0
.Origin-Paved Driveway	0
.Origin-Paved Road	0
.Origin-T/T Accessible	0
.Terms-CP=Carrier Pack	0
.Terms-PBO=Pack By Owner	0
Heavy Bag / Stand	25
Hot Tub - Large	80
Skis Boots Poles	8
ski bag	10
Lawn  Water Hoses	5
armiore	45
Dumbell/Barbell	5
Microwave / TV Cabinet	10
Saddle Stand	10
Wood Crate	5
Fire place	25
Drum kit	12
Taxidermy Deer	5
Metal Shopping Cart	2
sporting equipment	10
tent or canopy	5
Chiminia	16
cat exercise tower	2
power wheels	10
Quad	35
Wood Plank	10
Table -Sofa	10
TV mount	5
Bed frames	5
ARCHERY IN CASE	7
CRATE	20
CROQUET	5
FIREPLACE	20
FISHING RODS	1
HAND TRUCK	5
HOCKEY STICKS	1
HUNTING EQUIPMENT	8
INTERLOCK MATS	2
JACK STANDS	3
SNOWBOARDS	2
UTILITY LIGHT	5
WORK MATE	2
GUITAR	1
BREAKFRONT	40
CHAIRS STACKED	12
CHIMNEA	12
DECK BOX	20
GATES	2
ATTACHMENT	15
BICYCLE	5
CANOE LESS THAN 14 feet	20
DOG BOX	7
FUEL TANKS PLASTIC EMPTY	1
PLOW ATTACHMENT	20
RAKES AND SHOVELS	5
TURKEY FRYER	5
RUG 5 x 8	10
HAMPER	3
JEWELRY ARMOIR	5
FOUNTAN	25
GARDEN EQUIPMENT	10
HOIST FOR MOTOR CYCLE	16
MOTOR FOR BOAT SMALL	7
MOWER	15
Washer & Dryer	60
Umbrella stand	7
Building materials	50
BBQ - XL	20
Carper cleaner	4
Compressor - small	4
Jack stand	3
Ladder -Magic	7
Plastic Bin 3	3
Plastic Bin 5	5
Basketball Net	15
Patio - Chair	5
Patio - Loveseat	7
Patio - Table, Coffee	5
Patio Table - Large	25
Dresser - Chest of Drawers	20
PBO wardrobe ctn	10
Toki torch	1
Bed headboard	6
shuffle board	50
pop corn machine	5
wagon wheels	7
chalk board	3
Night stand	5
Table - coffee	5
Metal shelves	25
Shoe stand	3
White board	20
Washing machine Top load	25
Christmas Tree Bag	10
Everlasting	20
Console	15
Vinyl Drawers	6
Packer Game	10
Dolly - 2 Wheeler	4
Dressform	8
Hairdryer - Commercial	8
Cabinet - Drysink	10
Chaise - Metal	6
Garden Pot Lg	6
Poker Table	15
Rack - Wine Sm	2
Scooter - Electric	7
Motor Cycle - Harley	50
Lawn Mower - Attachment	12
Car Ramps - 2	6
Basketball Goal-Childs	10
Washing Machine-Front Load LG	30
Printer/copier	5
basketball hoop.	40
TV - Flat 30 to 50	20
chair massage	30
wheelchair	5
Armoier	30
desk small	5
flower pots	3
flower pots large	5
table patio	10
wood rack	10
Electronic Keyboard	15
Air Filter	4
Lightstand	4
Baby Jogger	7
Kitchen Island - Med	20
Big Green Egg BBQ	20
Composter	10
Copper Bin	2
Lawn Mower - Power LG	35
Leaf Blower LG	10
Power Tool - Lawn LG	2
Viddle Vault	2
Chest - Blanket	13
Table - Game	20
Table - Top	5
Table - Patio End	3
Hose & Reel	8
Painting - Oil	2
Tree Trimmer	3
.BULKY - CANOE/KAYAK < 14'	0
.CUL DE SAC - ISLAND	0
Elliptical	15
Luggage Set - Full	10
Bed - Child OR Rollaway	10
Glider / Settee	15
Sofa - Sectional (3 Piece)	45
Snow Thrower	15
Table - TV (Set of 4)	4
Canoe - < 14'	10
Teatherball	15
Desk - Return	10
table, folding	4
nothingmore going	0
Chair - Theater Per Section	20
Chaise Lounge - Metal	10
Misc. Item 15	15
stairs	10
work table	15
Ceramic Planter	10